player name,scoring average| rank this week,scoring average| rank last week,scoring average| rounds,scoring average| avg,scoring average| total strokes,scoring average| total adjustment,scoring average| total rounds,driving distance| rank this week,driving distance| rank last week,driving distance| rounds,driving distance| avg.,driving distance| total distance,driving distance| total drives,driving accuracy percentage| rank this week,driving accuracy percentage| rank last week,driving accuracy percentage| rounds,driving accuracy percentage| %,driving accuracy percentage| fairways hit,driving accuracy percentage| possible fairways,greens in regulation percentage| rank this week,greens in regulation percentage| rank last week,greens in regulation percentage| rounds,greens in regulation percentage| %,greens in regulation percentage| greens hit,greens in regulation percentage| # holes,greens in regulation percentage| relative/par,sg: tee-to-green| rank this week,sg: tee-to-green| rank last week,sg: tee-to-green| rounds,sg: tee-to-green| average,sg: tee-to-green| sg:ott,sg: tee-to-green| sg:apr,sg: tee-to-green| sg:arg,sg: tee-to-green| measured rounds,sg: total| rank this week,sg: total| rank last week,sg: total| rounds,sg: total| average,sg: total| total sg:t,sg: total| total sg:t2g,sg: total| total sg:p,sg: total| measured rounds,sg: putting| rank this week,sg: putting| rank last week,sg: putting| rounds,sg: putting| average,sg: putting| total sg:putting,sg: putting| measured rounds,scrambling| rank this week,scrambling| rank last week,scrambling| rounds,scrambling| %,scrambling| par or better,scrambling| missed gir,sg: off-the-tee| rank this week,sg: off-the-tee| rank last week,sg: off-the-tee| rounds,sg: off-the-tee| average,sg: off-the-tee| total sg:ott,sg: off-the-tee| measured rounds,sg: approach the green| rank this week,sg: approach the green| rank last week,sg: approach the green| rounds,sg: approach the green| average,sg: approach the green| total sg:app,sg: approach the green| measured rounds,sg: around-the-green| rank this week,sg: around-the-green| rank last week,sg: around-the-green| rounds,sg: around-the-green| average,sg: around-the-green| total sg:arg,sg: around-the-green| measured rounds
viktor hovland,1,,4,67.853,268,3.412,4,94,,4,302.6,"2,421",8,87,,4,55.77,29,52,20,,4,73.61,53,72,-0.34,,,,,,,,,,,,,,,,,,,,,,,41,,4,68.42,13,19,,,,,,,,,,,,,,,,,,
patrick cantlay,2,2,4,68.004,263,9.015,4,2,2,4,331.4,"2,651",8,2,2,4,78.57,44,56,1,3,4,80.56,58,72,-0.47,32,32,4,.967,1.171,.138,-.341,4,4,4,4,2.997,11.986,3.869,8.116,4,1,1,4,2.029,8.116,4,20,19,4,71.43,10,14,1,1,4,1.171,4.685,4,79,79,4,.138,.551,4,151,151,4,-.341,-1.366,4
tom kim,3,1,8,68.303,534,12.427,8,192,128,8,286.7,"4,587",16,11,5,8,68.52,74,108,9,1,8,76.39,110,144,-0.34,2,2,8,2.233,.314,1.464,.455,4,1,1,8,3.747,14.986,8.933,6.052,4,7,7,8,1.513,6.052,4,8,1,8,76.47,26,34,55,55,8,.314,1.258,4,3,3,8,1.464,5.856,4,26,26,8,.455,1.820,4
xander schauffele,4,,4,68.353,270,3.412,4,156,,4,291.9,"2,335",8,108,,4,53.85,28,52,42,,4,72.22,52,72,-0.29,,,,,,,,,,,,,,,,,,,,,,,3,,4,80.00,16,20,,,,,,,,,,,,,,,,,,
keegan bradley,5,14,8,68.439,540,7.509,8,122,111,8,298.3,"4,772",16,70,83,8,57.41,62,108,42,115,8,72.22,104,144,-0.41,49,49,8,.691,.844,.439,-.592,4,9,9,8,2.226,8.903,2.763,6.141,4,5,5,8,1.535,6.141,4,84,117,8,62.50,25,40,10,10,8,.844,3.375,4,53,53,8,.439,1.756,4,171,171,8,-.592,-2.369,4
danny willett,6,7,4,68.798,273,2.191,4,145,150,4,293.8,"2,350",8,194,168,4,44.64,25,56,20,25,4,73.61,53,72,-0.32,5,5,4,1.964,.511,1.185,.267,4,3,3,4,3.202,12.806,7.855,4.951,4,11,11,4,1.238,4.951,4,1,2,4,89.47,17,19,36,36,4,.511,2.045,4,8,8,4,1.185,4.741,4,50,50,4,.267,1.068,4
satoshi kodaira,7,,4,68.853,272,3.412,4,216,,4,275.8,"2,206",8,20,,4,65.38,34,52,20,,4,73.61,53,72,-0.17,,,,,,,,,,,,,,,,,,,,,,,1,,4,89.47,17,19,,,,,,,,,,,,,,,,,,
tom hoge,8,9,12,68.968,813,14.618,12,119,89,12,298.7,"7,168",24,41,36,12,61.59,101,164,13,17,12,75.46,163,216,-0.34,9,9,12,1.604,.533,1.405,-.334,8,10,10,12,2.224,17.792,12.832,4.960,8,35,35,12,.620,4.960,8,54,85,12,66.04,35,53,31,31,12,.533,4.263,8,4,4,12,1.405,11.239,8,150,150,12,-.334,-2.670,8
sungjae im,9,4,8,69.053,540,12.427,8,97,25,8,302.4,"4,838",16,57,22,8,59.26,64,108,54,13,8,71.53,103,144,-0.36,4,4,8,2.008,.806,.859,.342,4,6,6,8,2.497,9.986,8.031,1.954,4,46,46,8,.489,1.954,4,26,8,8,70.73,29,41,11,11,8,.806,3.226,4,20,20,8,.859,3.437,4,39,39,8,.342,1.369,4
rickie fowler,10,26,10,69.140,683,8.396,10,105,64,10,300.7,"6,013",20,95,108,10,55.15,75,136,12,17,10,75.56,136,180,-0.33,35,35,10,.903,.014,.724,.165,6,21,21,10,1.336,8.013,5.415,2.598,6,53,53,10,.433,2.598,6,75,107,10,63.64,28,44,98,98,10,.014,.085,6,30,30,10,.724,4.341,6,68,68,10,.165,.988,6
max homa,11,8,8,69.151,542,11.206,8,39,46,8,311.9,"4,990",16,17,15,8,66.07,74,112,42,37,8,72.22,104,144,-0.38,10,10,8,1.595,.664,.452,.478,8,7,7,8,2.349,18.792,12.757,6.035,8,23,23,8,.754,6.035,8,9,10,8,75.00,30,40,22,22,8,.664,5.315,8,51,51,8,.452,3.614,8,25,25,8,.478,3.828,8
mito pereira,12,3,8,69.303,542,12.427,8,29,4,8,313.7,"5,019",16,136,41,8,51.85,56,108,20,2,8,73.61,106,144,-0.34,1,1,8,2.436,-.114,2.278,.272,4,5,5,8,2.747,10.986,9.742,1.243,4,73,73,8,.311,1.243,4,83,29,8,63.16,24,38,117,117,8,-.114,-.456,4,1,1,8,2.278,9.111,4,49,49,8,.272,1.088,4
matthew nesmith,13,17,14,69.446,955,17.250,14,130,121,14,296.6,"8,306",28,83,64,14,56.25,108,192,8,17,14,76.59,193,252,-0.34,26,26,14,1.175,.295,.871,.009,10,16,16,14,1.716,17.160,11.750,5.410,10,41,41,14,.541,5.410,10,158,94,14,55.93,33,59,58,58,14,.295,2.950,10,18,18,14,.871,8.706,10,99,99,14,.009,.093,10
brian harman,14,10,4,69.504,269,9.015,4,33,43,4,312.6,"2,501",8,13,10,4,67.86,38,56,1,3,4,80.56,58,72,-0.31,22,22,4,1.213,.521,.742,-.050,4,19,19,4,1.497,5.986,4.853,1.132,4,78,78,4,.283,1.132,4,5,4,4,78.57,11,14,33,33,4,.521,2.083,4,28,28,4,.742,2.970,4,107,107,4,-.050,-.199,4
maverick mcnealy,15,19,10,69.515,682,13.153,10,75,14,10,306.4,"6,128",20,79,51,10,56.62,77,136,92,51,10,68.89,124,180,-0.37,138,138,10,-.565,.005,-.266,-.304,6,27,27,10,1.210,7.257,-3.390,10.646,6,4,4,10,1.774,10.646,6,20,22,10,71.43,40,56,100,100,10,.005,.030,6,126,126,10,-.266,-1.595,6,147,147,10,-.304,-1.824,6
sahith theegala,16,33,10,69.546,689,6.457,10,120,98,10,298.5,"5,969",20,175,163,10,47.79,65,136,61,51,10,71.11,128,180,-0.35,33,33,10,.952,.371,.340,.242,6,22,22,10,1.325,7.952,5.713,2.240,6,61,61,10,.373,2.240,6,117,161,10,59.62,31,52,49,49,10,.371,2.224,6,60,60,10,.340,2.038,6,53,53,10,.242,1.449,6
si woo kim,17,5,8,69.553,544,12.427,8,116,35,8,299.3,"4,789",16,6,5,8,70.37,76,108,14,6,8,75.00,108,144,-0.32,8,8,8,1.664,.632,1.216,-.184,4,8,8,8,2.247,8.986,6.655,2.330,4,38,38,8,.583,2.330,4,35,47,8,69.44,25,36,24,24,8,.632,2.529,4,5,5,8,1.216,4.863,4,130,130,8,-.184,-.736,4
mackenzie hughes,18,15,12,69.558,825,9.700,12,102,88,12,301.1,"7,227",24,185,159,12,46.34,76,164,128,136,12,67.13,145,216,-0.34,21,21,12,1.223,-.369,.845,.746,8,11,11,12,2.214,17.709,9.780,7.930,8,18,18,12,.991,7.930,8,31,16,12,70.42,50,71,147,147,12,-.369,-2.950,8,21,21,12,.845,6.762,8,11,11,12,.746,5.965,8
sepp straka,19,6,8,69.564,549,7.509,8,149,143,8,293.3,"4,692",16,23,10,8,64.81,70,108,33,17,8,72.92,105,144,-0.32,3,3,8,2.012,.668,1.197,.146,4,2,2,8,3.226,12.903,8.046,4.858,4,12,12,8,1.215,4.858,4,69,85,8,64.10,25,39,21,21,8,.668,2.673,4,6,6,8,1.197,4.788,4,72,72,8,.146,.584,4
taylor montgomery,20,11,12,69.609,820,15.303,12,43,51,12,311.2,"7,468",24,80,72,12,56.55,95,168,129,115,12,66.67,144,216,-0.43,84,84,12,.203,.280,-.181,.103,12,12,12,12,2.058,24.695,2.435,22.261,12,2,2,12,1.855,22.261,12,14,13,12,73.61,53,72,60,60,12,.280,3.361,12,116,116,12,-.181,-2.167,12,76,76,12,.103,1.239,12
andrew putnam,21,30,16,69.732,"1,097",18.715,16,211,193,16,281.1,"8,995",32,61,53,16,58.64,129,220,19,24,16,73.96,213,288,-0.28,62,62,16,.477,-.316,.558,.235,12,30,30,16,1.141,13.695,5.718,7.978,12,29,29,16,.665,7.978,12,10,23,16,74.67,56,75,141,141,16,-.316,-3.794,12,41,41,16,.558,6.695,12,56,56,16,.235,2.815,12
dean burmester,22,13,8,69.764,545,13.112,8,18,28,8,317.3,"5,077",16,35,31,8,63.39,71,112,54,49,8,71.53,103,144,-0.39,31,31,8,.973,.774,-.364,.562,8,14,14,8,1.736,13.889,7.780,6.110,8,22,22,8,.764,6.110,8,42,36,8,68.29,28,41,12,12,8,.774,6.194,8,139,139,8,-.364,-2.914,8,19,19,8,.562,4.500,8
sebastián muñoz,23,,4,69.853,276,3.412,4,196,,4,285.8,"2,286",8,87,,4,55.77,29,52,129,,4,66.67,48,72,-0.33,,,,,,,,,,,,,,,,,,,,,,,168,,4,54.17,13,24,,,,,,,,,,,,,,,,,,
s.h. kim,24,16,12,69.859,823,15.303,12,114,122,12,299.4,"7,186",24,58,53,12,58.93,99,168,57,51,12,71.30,154,216,-0.38,51,51,12,.658,.630,.039,-.011,12,13,13,12,1.808,21.695,7.898,13.798,12,13,13,12,1.150,13.798,12,46,43,12,67.74,42,62,25,25,12,.630,7.563,12,92,92,12,.039,.465,12,104,104,12,-.011,-.132,12
hayden buckley,25,34,14,69.875,961,17.250,14,53,42,14,310.1,"8,682",28,16,22,14,66.15,127,192,40,46,14,72.62,183,252,-0.34,40,40,14,.789,1.003,-.026,-.188,10,44,44,14,.916,9.160,7.892,1.268,10,91,91,14,.127,1.268,10,101,134,14,60.87,42,69,4,4,14,1.003,10.031,10,102,102,14,-.026,-.258,10,133,133,14,-.188,-1.882,10
kurt kitayama,26,50,6,70.034,414,6.205,6,37,3,6,312.1,"3,745",12,125,94,6,52.50,42,80,42,9,6,72.22,78,108,-0.29,6,6,6,1.887,-.108,.865,1.131,2,94,94,6,.104,.207,3.773,-3.566,2,195,195,6,-1.783,-3.566,2,151,165,6,56.67,17,30,116,116,6,-.108,-.217,2,19,19,6,.865,1.729,2,4,4,6,1.131,2.261,2
emiliano grillo,27,52,16,70.107,"1,103",18.715,16,84,77,16,304.6,"9,748",32,61,79,16,58.64,129,220,7,13,16,77.08,222,288,-0.31,85,85,16,.194,.139,.539,-.484,12,54,54,16,.725,8.695,2.329,6.367,12,42,42,16,.531,6.367,12,102,89,16,60.61,40,66,76,76,16,.139,1.665,12,43,43,16,.539,6.474,12,164,164,16,-.484,-5.812,12
scott stallings,28,22,8,70.189,554,7.509,8,91,74,8,302.9,"4,847",16,145,151,8,50.93,55,108,123,72,8,67.36,97,144,-0.32,15,15,8,1.440,.619,-.025,.846,4,15,15,8,1.726,6.903,5.761,1.143,4,77,77,8,.286,1.143,4,73,6,8,63.83,30,47,27,27,8,.619,2.477,4,101,101,8,-.025,-.101,4,9,9,8,.846,3.384,4
christiaan bezuidenhout,29,29,12,70.210,826,16.524,12,190,161,12,287.8,"6,906",24,24,34,12,64.63,106,164,37,37,12,72.69,157,216,-0.23,13,13,12,1.505,.136,.191,1.178,8,37,37,12,.986,7.889,12.041,-4.151,8,150,150,12,-.519,-4.151,8,11,10,12,74.58,44,59,78,78,12,.136,1.088,8,74,74,12,.191,1.528,8,2,2,12,1.178,9.425,8
adam hadwin,30,21,8,70.264,549,13.112,8,95,105,8,302.5,"4,840",16,66,63,8,58.04,65,112,5,8,8,78.47,113,144,-0.32,54,54,8,.586,-.267,1.040,-.187,8,24,24,8,1.236,9.889,4.689,5.201,8,31,31,8,.650,5.201,8,66,64,8,64.52,20,31,134,134,8,-.267,-2.133,8,13,13,8,1.040,8.318,8,132,132,8,-.187,-1.496,8
justin lower,31,23,12,70.275,828,15.303,12,147,152,12,293.6,"7,047",24,26,22,12,64.29,108,168,30,31,12,73.15,158,216,-0.34,48,48,12,.697,.263,.186,.249,12,20,20,12,1.391,16.695,8.366,8.330,12,28,28,12,.694,8.330,12,105,92,12,60.34,35,58,62,62,12,.263,3.152,12,76,76,12,.186,2.229,12,52,52,12,.249,2.983,12
matt kuchar,32,25,4,70.298,279,2.191,4,166,167,4,290.6,"2,325",8,169,143,4,48.21,27,56,14,17,4,75.00,54,72,-0.22,7,7,4,1.778,.436,.776,.566,4,17,17,4,1.702,6.806,7.112,-.306,4,107,107,4,-.076,-.306,4,6,5,4,77.78,14,18,44,44,4,.436,1.744,4,25,25,4,.776,3.103,4,17,17,4,.566,2.264,4
beau hossler,33,63,12,70.302,829,14.618,12,88,92,12,303.3,"7,280",24,92,76,12,55.49,91,164,103,72,12,68.06,147,216,-0.35,93,93,12,.101,-.660,.403,.358,8,73,73,12,.474,3.792,.808,2.984,8,61,61,12,.373,2.984,8,60,38,12,65.22,45,69,179,179,12,-.660,-5.280,8,55,55,12,.403,3.222,8,37,37,12,.358,2.866,8
j.j. spaun,33,40,12,70.302,829,14.618,12,140,125,12,294.3,"7,062",24,72,53,12,57.32,94,164,76,85,12,69.91,151,216,-0.30,69,69,12,.364,.224,.259,-.120,8,56,56,12,.724,5.792,2.909,2.883,8,66,66,12,.360,2.883,8,36,47,12,69.23,45,65,69,69,12,.224,1.794,8,69,69,12,.259,2.072,8,116,116,12,-.120,-.957,8
lucas herbert,35,12,8,70.303,550,12.427,8,70,8,8,306.9,"4,910",16,100,15,8,54.63,59,108,158,72,8,65.28,94,144,-0.36,78,78,8,.295,.278,-.687,.705,4,23,23,8,1.247,4.986,1.180,3.805,4,20,20,8,.951,3.805,4,33,38,8,70.00,35,50,61,61,8,.278,1.111,4,161,161,8,-.687,-2.749,4,14,14,8,.705,2.819,4
joel dahmen,36,47,14,70.304,967,17.250,14,128,100,14,297.7,"8,335",28,25,14,14,64.58,124,192,40,37,14,72.62,183,252,-0.26,11,11,14,1.555,.517,.654,.384,10,58,58,14,.716,7.160,15.553,-8.393,10,170,170,14,-.839,-8.393,10,12,16,14,73.91,51,69,35,35,14,.517,5.172,10,34,34,14,.654,6.543,10,36,36,14,.384,3.837,10
tyrrell hatton,37,,4,70.353,278,3.412,4,152,,4,293.0,"2,344",8,87,,4,55.77,29,52,79,,4,69.44,50,72,-0.26,,,,,,,,,,,,,,,,,,,,,,,75,,4,63.64,14,22,,,,,,,,,,,,,,,,,,
collin morikawa,37,,4,70.353,278,3.412,4,205,,4,283.1,"2,265",8,20,,4,65.38,34,52,42,,4,72.22,52,72,-0.17,,,,,,,,,,,,,,,,,,,,,,,108,,4,60.00,12,20,,,,,,,,,,,,,,,,,,
corey conners,39,125,6,70.356,418,4.138,6,184,185,6,288.7,"3,464",12,125,197,6,52.50,42,80,119,37,6,67.59,73,108,-0.33,157,157,6,-.937,.320,.005,-1.262,2,117,117,6,-.365,-.729,-1.873,1.144,2,39,39,6,.572,1.144,2,142,165,6,57.14,20,35,54,54,6,.320,.641,2,98,98,6,.005,.010,2,197,197,6,-1.262,-2.523,2
cam davis,40,55,10,70.415,691,13.153,10,37,15,10,312.1,"6,242",20,147,122,10,50.00,68,136,71,66,10,70.56,127,180,-0.28,66,66,10,.423,.757,-.383,.050,6,77,77,10,.376,2.257,2.540,-.284,6,102,102,10,-.047,-.284,6,54,74,10,66.04,35,53,13,13,10,.757,4.540,6,141,141,10,-.383,-2.301,6,85,85,10,.050,.302,6
mark hubbard,41,18,16,70.420,"1,108",18.715,16,170,151,16,289.8,"9,273",32,86,72,16,55.91,123,220,78,58,16,69.79,201,288,-0.29,29,29,16,1.080,-.175,.810,.445,12,18,18,16,1.558,18.695,12.961,5.735,12,48,48,16,.478,5.735,12,38,37,16,68.97,60,87,124,124,16,-.175,-2.103,12,23,23,16,.810,9.724,12,28,28,16,.445,5.338,12
hideki matsuyama,42,42,8,70.450,558,5.603,8,129,136,8,297.6,"4,761",16,147,168,8,50.00,54,108,129,136,8,66.67,96,144,-0.25,44,44,8,.721,-.252,.643,.330,4,28,28,8,1.202,4.806,2.884,1.922,4,47,47,8,.481,1.922,4,24,41,8,70.83,34,48,131,131,8,-.252,-1.009,4,35,35,8,.643,2.571,4,41,41,8,.330,1.321,4
jason day,43,27,6,70.457,413,9.741,6,59,67,6,309.7,"3,716",12,26,22,6,64.29,54,84,1,3,6,80.56,87,108,-0.25,14,14,6,1.456,.021,1.499,-.065,6,46,46,6,.876,5.257,8.734,-3.478,6,155,155,6,-.580,-3.478,6,20,19,6,71.43,15,21,96,96,6,.021,.129,6,2,2,6,1.499,8.995,6,112,112,6,-.065,-.389,6
adam schenk,44,65,14,70.462,971,15.472,14,85,80,14,304.5,"8,525",28,106,67,14,54.17,104,192,90,29,14,69.05,174,252,-0.27,52,52,14,.623,.028,.766,-.171,10,70,70,14,.494,4.938,6.226,-1.288,10,116,116,14,-.129,-1.288,10,36,33,14,69.23,54,78,94,94,14,.028,.275,10,27,27,14,.766,7.660,10,129,129,14,-.171,-1.710,10
byeong hun an,45,28,10,70.506,693,12.060,10,5,7,10,324.5,"6,489",20,208,183,10,40.71,57,140,149,128,10,66.11,119,180,-0.34,27,27,10,1.171,.481,-.482,1.172,10,32,32,10,1.094,10.938,11.707,-.769,10,108,108,10,-.077,-.769,10,39,32,10,68.85,42,61,39,39,10,.481,4.806,10,149,149,10,-.482,-4.824,10,3,3,10,1.172,11.724,10
davis thompson,46,30,12,70.525,831,15.303,12,14,21,12,319.8,"7,676",24,49,47,12,60.12,101,168,20,25,12,73.61,159,216,-0.33,23,23,12,1.200,.692,.448,.060,12,30,30,12,1.141,13.695,14.399,-.703,12,105,105,12,-.059,-.703,12,116,102,12,59.65,34,57,18,18,12,.692,8.301,12,52,52,12,.448,5.379,12,83,83,12,.060,.717,12
taylor moore,47,76,14,70.535,975,12.493,14,126,114,14,297.8,"8,339",28,166,149,14,48.96,94,192,79,114,14,69.44,175,252,-0.26,98,98,14,.028,-.243,.254,.017,10,71,71,14,.492,4.916,.277,4.640,10,50,50,14,.464,4.640,10,15,12,14,72.73,56,77,130,130,14,-.243,-2.428,10,71,71,14,.254,2.535,10,93,93,14,.017,.168,10
aaron rai,48,49,12,70.544,830,16.524,12,151,141,12,293.2,"7,036",24,8,15,12,69.51,114,164,20,9,12,73.61,159,216,-0.32,89,89,12,.169,.055,.679,-.566,8,68,68,12,.611,4.889,1.352,3.538,8,52,52,12,.442,3.538,8,183,187,12,50.88,29,57,89,89,12,.055,.442,8,33,33,12,.679,5.434,8,170,170,12,-.566,-4.524,8
matt wallace,49,24,12,70.552,832,14.618,12,181,168,12,288.8,"6,932",24,121,94,12,53.05,87,164,57,58,12,71.30,154,216,-0.25,25,25,12,1.191,.375,-.315,1.131,8,26,26,12,1.224,9.792,9.531,.261,8,97,97,12,.033,.261,8,52,31,12,66.13,41,62,48,48,12,.375,3.003,8,134,134,12,-.315,-2.523,8,4,4,12,1.131,9.051,8
k.h. lee,50,20,8,70.553,552,12.427,8,79,8,8,305.3,"4,885",16,11,3,8,68.52,74,108,33,9,8,72.92,105,144,-0.29,17,17,8,1.392,.928,.213,.251,4,52,52,8,.747,2.986,5.569,-2.584,4,157,157,8,-.646,-2.584,4,169,33,8,53.85,21,39,7,7,8,.928,3.714,4,72,72,8,.213,.854,4,51,51,8,.251,1.002,4
lee hodges,51,77,12,70.586,836,11.028,12,111,68,12,300.2,"7,204",24,121,94,12,53.05,87,164,146,115,12,66.20,143,216,-0.31,60,60,12,.507,.312,.592,-.398,8,76,76,12,.423,3.381,4.055,-.674,8,110,110,12,-.084,-.674,8,48,47,12,67.12,49,73,56,56,12,.312,2.500,8,39,39,12,.592,4.740,8,160,160,12,-.398,-3.186,8
patrick rodgers,52,75,14,70.589,971,17.250,14,27,22,14,314.3,"8,800",28,99,75,14,54.69,105,192,56,64,14,71.43,180,252,-0.28,58,58,14,.524,.701,-.325,.148,10,81,81,14,.316,3.160,5.237,-2.077,10,124,124,14,-.208,-2.077,10,44,42,14,68.06,49,72,16,16,14,.701,7.010,10,135,135,14,-.325,-3.251,10,70,70,14,.148,1.477,10
tommy fleetwood,53,,4,70.603,279,3.412,4,191,,4,287.5,"2,300",8,87,,4,55.77,29,52,189,,4,61.11,44,72,-0.25,,,,,,,,,,,,,,,,,,,,,,,45,,4,67.86,19,28,,,,,,,,,,,,,,,,,,
cameron young,53,,4,70.603,279,3.412,4,86,,4,304.4,"2,435",8,197,,4,44.23,23,52,129,,4,66.67,48,72,-0.27,,,,,,,,,,,,,,,,,,,,,,,186,,4,50.00,12,24,,,,,,,,,,,,,,,,,,
thomas detry,55,32,12,70.609,832,15.303,12,15,23,12,318.8,"7,652",24,137,114,12,51.79,87,168,76,71,12,69.91,151,216,-0.32,36,36,12,.891,.440,.137,.314,12,34,34,12,1.058,12.695,10.694,2.002,12,88,88,12,.167,2.002,12,65,63,12,64.62,42,65,43,43,12,.440,5.277,12,80,80,12,.137,1.645,12,42,42,12,.314,3.770,12
cameron champ,56,153,8,70.616,558,6.931,8,69,25,8,307.2,"4,915",16,110,53,8,53.70,58,108,64,72,8,70.83,102,144,-0.24,162,162,8,-1.054,.459,-.639,-.873,4,166,166,8,-1.631,-6.522,-4.215,-2.308,4,154,154,8,-.577,-2.308,4,67,195,8,64.29,27,42,40,40,8,.459,1.836,4,160,160,8,-.639,-2.557,4,189,189,8,-.873,-3.493,4
sam ryder,57,57,14,70.661,972,17.250,14,134,118,14,295.6,"8,276",28,64,64,14,58.33,112,192,129,102,14,66.67,168,252,-0.35,115,115,14,-.132,-.454,.740,-.419,10,67,67,14,.616,6.160,-1.322,7.482,10,24,24,14,.748,7.482,10,90,78,14,61.90,52,84,160,160,14,-.454,-4.536,10,29,29,14,.740,7.404,10,161,161,14,-.419,-4.191,10
robby shelton,58,35,12,70.692,833,15.303,12,156,159,12,291.9,"7,005",24,67,66,12,57.74,97,168,57,51,12,71.30,154,216,-0.31,56,56,12,.544,-.190,.305,.429,12,40,40,12,.975,11.695,6.529,5.167,12,54,54,12,.431,5.167,12,52,51,12,66.13,41,62,127,127,12,-.190,-2.285,12,63,63,12,.305,3.665,12,31,31,12,.429,5.147,12
greyson sigg,58,35,12,70.692,833,15.303,12,132,138,12,296.0,"7,105",24,49,47,12,60.12,101,168,98,91,12,68.52,148,216,-0.32,94,94,12,.079,.234,-.193,.038,12,40,40,12,.975,11.695,.949,10.747,12,21,21,12,.896,10.747,12,29,26,12,70.59,48,68,67,67,12,.234,2.810,12,118,118,12,-.193,-2.320,12,88,88,12,.038,.457,12
brendon todd,60,37,10,70.706,695,12.060,10,195,183,10,285.9,"5,718",20,44,41,10,60.71,85,140,115,102,10,67.78,122,180,-0.34,75,75,10,.336,-.164,.295,.205,10,45,45,10,.894,8.938,3.358,5.580,10,40,40,10,.558,5.580,10,27,25,10,70.69,41,58,123,123,10,-.164,-1.644,10,65,65,10,.295,2.951,10,62,62,10,.205,2.050,10
nick taylor,61,38,10,70.708,698,9.081,10,122,130,10,298.3,"5,966",20,129,111,10,52.14,73,140,75,70,10,70.00,126,180,-0.33,20,20,10,1.225,.080,.604,.540,10,33,33,10,1.092,10.916,12.249,-1.332,10,118,118,10,-.133,-1.332,10,98,85,10,61.11,33,54,86,86,10,.080,.803,10,38,38,10,.604,6.043,10,21,21,10,.540,5.401,10
stephan jaeger,62,52,16,70.732,"1,113",18.715,16,104,91,16,300.8,"9,627",32,161,136,16,49.55,109,220,60,44,16,71.18,205,288,-0.33,73,73,16,.350,-.175,-.218,.743,12,54,54,16,.725,8.695,4.205,4.491,12,60,60,16,.374,4.491,12,138,143,16,57.83,48,83,124,124,16,-.175,-2.096,12,119,119,16,-.218,-2.619,12,12,12,16,.743,8.918,12
alex smalley,63,91,10,70.746,701,6.457,10,113,119,10,299.5,"5,990",20,147,151,10,50.00,68,136,92,107,10,68.89,124,180,-0.25,146,146,10,-.661,.238,-.743,-.156,6,80,80,10,.325,1.952,-3.966,5.919,6,19,19,10,.986,5.919,6,20,19,10,71.43,40,56,65,65,10,.238,1.428,6,163,163,10,-.743,-4.460,6,126,126,10,-.156,-.936,6
william mcgirt,64,39,4,70.774,279,4.097,4,219,199,4,273.5,"2,188",8,17,15,4,66.07,37,56,158,136,4,65.28,47,72,-0.32,58,58,4,.524,-.163,.189,.498,4,25,25,4,1.226,4.903,2.097,2.807,4,27,27,4,.702,2.807,4,3,3,4,80.00,20,25,122,122,4,-.163,-.652,4,75,75,4,.189,.755,4,24,24,4,.498,1.993,4
alex noren,65,40,8,70.776,555,11.206,8,67,78,8,307.8,"4,925",16,163,138,8,49.11,55,112,167,145,8,64.58,93,144,-0.32,94,94,8,.079,-.273,-.513,.865,8,56,56,8,.724,5.792,.631,5.161,8,32,32,8,.645,5.161,8,29,26,8,70.59,36,51,135,135,8,-.273,-2.186,8,152,152,8,-.513,-4.107,8,8,8,8,.865,6.924,8
cameron percy,66,42,4,70.798,281,2.191,4,137,144,4,294.9,"2,359",8,147,127,4,50.00,28,56,103,93,4,68.06,49,72,-0.29,38,38,4,.810,.510,.122,.177,4,28,28,4,1.202,4.806,3.241,1.565,4,58,58,4,.391,1.565,4,34,30,4,69.57,16,23,37,37,4,.510,2.042,4,84,84,4,.122,.489,4,66,66,4,.177,.709,4
will gordon,67,45,12,70.859,835,15.303,12,62,71,12,308.6,"7,406",24,43,40,12,61.31,103,168,37,36,12,72.69,157,216,-0.31,53,53,12,.607,.521,.390,-.303,12,48,48,12,.808,9.695,7.285,2.411,12,83,83,12,.201,2.411,12,100,88,12,61.02,36,59,33,33,12,.521,6.246,12,57,57,12,.390,4.677,12,146,146,12,-.303,-3.640,12
kevin yu,68,47,10,70.884,695,13.838,10,11,18,10,321.0,"6,420",20,56,52,10,59.29,83,140,29,29,10,73.33,132,180,-0.31,12,12,10,1.540,.875,.475,.190,10,58,58,10,.716,7.160,15.399,-8.239,10,168,168,10,-.824,-8.239,10,84,74,10,62.50,30,48,9,9,10,.875,8.751,10,50,50,10,.475,4.746,10,64,64,10,.190,1.901,10
harris english,69,51,10,70.906,697,12.060,10,88,101,10,303.3,"6,066",20,96,86,10,55.00,77,140,115,102,10,67.78,122,180,-0.34,67,67,10,.405,-.327,.196,.536,10,60,60,10,.694,6.938,4.049,2.889,10,75,75,10,.289,2.889,10,57,55,10,65.52,38,58,143,143,10,-.327,-3.270,10,73,73,10,.196,1.959,10,22,22,10,.536,5.359,10
garrick higgo,70,54,8,70.952,560,7.616,8,21,32,8,316.2,"5,059",16,200,175,8,42.86,48,112,151,130,8,65.97,95,144,-0.35,61,61,8,.504,.101,.017,.386,8,50,50,8,.798,6.381,4.034,2.347,8,74,74,8,.293,2.347,8,47,44,8,67.35,33,49,83,83,8,.101,.807,8,95,95,8,.017,.135,8,35,35,8,.386,3.091,8
seamus power,71,56,6,70.982,419,6.890,6,137,144,6,294.9,"3,539",12,127,108,6,52.38,44,84,170,149,6,63.89,69,108,-0.36,145,145,6,-.658,.194,-.583,.563,6,65,65,6,.685,4.110,-3.948,8.059,6,9,9,6,1.343,8.059,6,125,112,6,58.97,23,39,73,73,6,.194,1.162,6,158,158,6,-.583,-3.496,6,18,18,6,.563,3.380,6
keith mitchell,72,58,4,71.004,275,9.015,4,1,1,4,331.6,"2,653",8,3,3,4,75.00,42,56,64,58,4,70.83,51,72,-0.37,63,63,4,.473,.950,-.090,-.387,4,97,97,4,-.004,-.014,1.893,-1.908,4,144,144,4,-.477,-1.908,4,142,127,4,57.14,12,21,6,6,4,.950,3.800,4,110,110,4,-.090,-.359,4,158,158,4,-.387,-1.547,4
paul haley ii,73,59,10,71.008,701,9.081,10,210,196,10,281.9,"5,637",20,42,39,10,61.43,86,140,79,72,10,69.44,125,180,-0.30,46,46,10,.707,.021,.287,.399,10,51,51,10,.792,7.916,7.074,.843,10,93,93,10,.084,.843,10,93,80,10,61.82,34,55,96,96,10,.021,.213,10,66,66,10,.287,2.869,10,33,33,10,.399,3.990,10
wyndham clark,74,106,12,71.021,843,9.250,12,35,31,12,312.4,"7,497",24,192,181,12,45.12,74,164,129,136,12,66.67,144,216,-0.29,160,160,12,-.992,-.412,-.453,-.127,8,115,115,12,-.355,-2.841,-7.939,5.098,8,33,33,12,.637,5.098,8,98,94,12,61.11,44,72,154,154,12,-.412,-3.299,8,147,147,12,-.453,-3.622,8,118,118,12,-.127,-1.019,8
sam burns,75,60,4,71.024,280,4.097,4,34,44,4,312.5,"2,500",8,137,114,4,51.79,29,56,170,149,4,63.89,46,72,-0.28,28,28,4,1.140,.984,.303,-.148,4,38,38,4,.976,3.903,4.558,-.654,4,120,120,4,-.163,-.654,4,7,7,4,76.92,20,26,5,5,4,.984,3.935,4,64,64,4,.303,1.212,4,124,124,4,-.148,-.590,4
cody gribble,75,60,4,71.024,280,4.097,4,122,130,4,298.3,"2,386",8,112,94,4,53.57,30,56,42,37,4,72.22,52,72,-0.29,19,19,4,1.248,.685,.269,.293,4,38,38,4,.976,3.903,4.990,-1.086,4,131,131,4,-.271,-1.086,4,108,94,4,60.00,12,20,19,19,4,.685,2.739,4,68,68,4,.269,1.077,4,45,45,4,.293,1.173,4
nick hardy,77,62,12,71.025,837,15.303,12,48,56,12,310.7,"7,456",24,80,72,12,56.55,95,168,30,31,12,73.15,158,216,-0.30,30,30,12,1.030,-.006,1.161,-.125,12,66,66,12,.641,7.695,12.358,-4.662,12,139,139,12,-.389,-4.662,12,105,92,12,60.34,35,58,102,102,12,-.006,-.074,12,9,9,12,1.161,13.933,12,117,117,12,-.125,-1.503,12
aaron baddeley,78,64,4,71.048,282,2.191,4,107,115,4,300.5,"2,404",8,147,127,4,50.00,28,56,64,58,4,70.83,51,72,-0.29,70,70,4,.362,.235,-.078,.205,4,42,42,4,.952,3.806,1.449,2.357,4,36,36,4,.589,2.357,4,178,158,4,52.38,11,21,66,66,4,.235,.941,4,105,105,4,-.078,-.312,4,62,62,4,.205,.819,4
adam svensson,79,71,16,71.107,"1,119",18.715,16,162,147,16,290.8,"9,306",32,77,79,16,56.82,125,220,103,107,16,68.06,196,288,-0.25,41,41,16,.758,.137,.343,.277,12,72,72,16,.475,5.695,9.090,-3.394,12,133,133,16,-.283,-3.394,12,28,9,16,70.65,65,92,77,77,16,.137,1.647,12,59,59,16,.343,4.112,12,47,47,16,.277,3.329,12
joseph bramlett,80,66,10,71.108,702,9.081,10,20,30,10,316.5,"6,330",20,167,142,10,48.57,68,140,180,160,10,63.33,114,180,-0.34,39,39,10,.796,.556,.021,.218,10,61,61,10,.692,6.916,7.959,-1.042,10,114,114,10,-.104,-1.042,10,102,90,10,60.61,40,66,30,30,10,.556,5.563,10,94,94,10,.021,.214,10,60,60,10,.218,2.180,10
chris kirk,80,66,10,71.108,702,9.081,10,149,154,10,293.3,"5,865",20,104,93,10,54.29,76,140,79,72,10,69.44,125,180,-0.30,68,68,10,.368,.014,.319,.035,10,61,61,10,.692,6.916,3.677,3.240,10,72,72,10,.324,3.240,10,75,69,10,63.64,35,55,98,98,10,.014,.141,10,62,62,10,.319,3.186,10,89,89,10,.035,.348,10
denny mccarthy,80,66,10,71.108,702,9.081,10,109,116,10,300.4,"6,007",20,129,111,10,52.14,73,140,129,115,10,66.67,120,180,-0.26,79,79,10,.264,.032,.008,.224,10,61,61,10,.692,6.916,2.640,4.277,10,56,56,10,.428,4.277,10,19,18,10,71.67,43,60,93,93,10,.032,.319,10,97,97,10,.008,.082,10,59,59,10,.224,2.237,10
ben taylor,80,66,10,71.108,702,9.081,10,81,95,10,305.2,"6,104",20,129,111,10,52.14,73,140,51,46,10,71.67,129,180,-0.26,72,72,10,.356,.449,-.089,-.005,10,61,61,10,.692,6.916,3.559,3.358,10,68,68,10,.336,3.358,10,63,61,10,64.71,33,51,42,42,10,.449,4.494,10,109,109,10,-.089,-.889,10,102,102,10,-.005,-.048,10
brian stuard,84,70,8,71.161,563,6.288,8,221,201,8,269.8,"4,316",16,52,50,8,59.82,67,112,182,163,8,62.50,90,144,-0.34,74,74,8,.338,-.637,.958,.016,8,47,47,8,.839,6.709,2.705,4.005,8,43,43,8,.501,4.005,8,32,28,8,70.37,38,54,175,175,8,-.637,-5.095,8,15,15,8,.958,7.665,8,94,94,8,.016,.132,8
martin laird,85,86,12,71.167,840,14.007,12,107,50,12,300.5,"7,211",24,63,76,12,58.54,96,164,98,93,12,68.52,148,216,-0.29,102,102,12,-.045,-.149,.002,.102,8,101,101,12,-.075,-.597,-.361,-.236,8,101,101,12,-.030,-.236,8,126,135,12,58.82,40,68,119,119,12,-.149,-1.193,8,99,99,12,.002,.013,8,78,78,12,.102,.819,8
chesson hadley,86,72,8,71.199,559,10.595,8,103,113,8,300.9,"4,815",16,137,114,8,51.79,58,112,33,34,8,72.92,105,144,-0.28,101,101,8,-.025,-.433,.617,-.208,8,83,83,8,.300,2.403,-.197,2.600,8,70,70,8,.325,2.600,8,94,81,8,61.54,24,39,155,155,8,-.433,-3.466,8,37,37,8,.617,4.933,8,135,135,8,-.208,-1.664,8
harry hall,86,72,8,71.199,559,10.595,8,35,45,8,312.4,"4,999",16,207,181,8,41.96,47,112,181,161,8,63.19,91,144,-0.40,163,163,8,-1.063,-.546,-.829,.312,8,83,83,8,.300,2.403,-8.501,10.904,8,8,8,8,1.363,10.904,8,130,116,8,58.49,31,53,170,170,8,-.546,-4.368,8,167,167,8,-.829,-6.631,8,43,43,8,.312,2.498,8
luke list,88,118,10,71.224,704,8.235,10,25,17,10,315.2,"6,304",20,186,184,10,45.59,62,136,51,66,10,71.67,129,180,-0.19,50,50,10,.673,.142,.520,.010,6,111,111,10,-.304,-1.826,4.035,-5.860,6,175,175,10,-.977,-5.860,6,50,105,10,66.67,34,51,75,75,10,.142,.854,6,47,47,10,.520,3.122,6,98,98,10,.010,.057,6
brandon wu,89,98,14,71.232,980,17.250,14,178,171,14,289.0,"8,093",28,78,59,14,56.77,109,192,122,147,14,67.46,170,252,-0.26,131,131,14,-.391,.324,-1.265,.550,10,110,110,14,-.284,-2.840,-3.905,1.065,10,92,92,14,.107,1.065,10,81,123,14,63.41,52,82,52,52,14,.324,3.241,10,183,183,14,-1.265,-12.649,10,20,20,14,.550,5.502,10
aaron wise,90,74,4,71.254,276,9.015,4,8,12,4,323.4,"2,587",8,26,22,4,64.29,36,56,14,17,4,75.00,54,72,-0.30,140,140,4,-.587,.087,-1.210,.536,4,109,109,4,-.254,-1.014,-2.347,1.332,4,69,69,4,.333,1.332,4,18,15,4,72.22,13,18,85,85,4,.087,.349,4,180,180,4,-1.210,-4.840,4,22,22,4,.536,2.145,4
adam long,91,95,10,71.324,705,8.235,10,178,155,10,289.0,"5,780",20,168,147,10,48.53,66,136,156,143,10,65.56,118,180,-0.29,178,178,10,-1.636,-1.020,-.379,-.237,6,91,91,10,.196,1.174,-9.813,10.988,6,3,3,10,1.831,10.988,6,96,91,10,61.29,38,62,193,193,10,-1.020,-6.121,6,140,140,10,-.379,-2.274,6,139,139,10,-.237,-1.420,6
james hahn,92,78,6,71.331,423,4.984,6,52,60,6,310.3,"3,724",12,73,67,6,57.14,48,84,11,16,6,75.93,82,108,-0.23,55,55,6,.556,.565,1.113,-1.122,6,79,79,6,.336,2.013,3.338,-1.325,6,127,127,6,-.221,-1.325,6,59,57,6,65.38,17,26,29,29,6,.565,3.388,6,11,11,6,1.113,6.679,6,194,194,6,-1.122,-6.730,6
kevin streelman,93,45,16,71.357,"1,123",18.715,16,142,124,16,294.2,"9,414",32,82,87,16,56.36,124,220,73,37,16,70.49,203,288,-0.28,76,76,16,.309,.342,.070,-.103,12,48,48,16,.808,9.695,3.712,5.984,12,44,44,16,.499,5.984,12,153,60,16,56.47,48,85,51,51,16,.342,4.108,12,87,87,16,.070,.841,12,115,115,16,-.103,-1.239,12
austin smotherman,94,79,12,71.359,841,15.303,12,88,101,12,303.3,"7,278",24,44,41,12,60.71,102,168,146,127,12,66.20,143,216,-0.32,108,108,12,-.094,.002,.165,-.261,12,82,82,12,.308,3.695,-1.125,4.821,12,57,57,12,.402,4.821,12,48,46,12,67.12,49,73,101,101,12,.002,.023,12,77,77,12,.165,1.984,12,144,144,12,-.261,-3.134,12
stewart cink,95,80,10,71.384,700,13.838,10,24,36,10,315.6,"6,312",20,179,151,10,46.43,65,140,71,64,10,70.56,127,180,-0.38,77,77,10,.301,-.159,.591,-.131,10,87,87,10,.216,2.160,3.013,-.853,10,111,111,10,-.085,-.853,10,209,189,10,43.40,23,53,121,121,10,-.159,-1.586,10,40,40,10,.591,5.906,10,119,119,10,-.131,-1.308,10
ben griffin,95,80,10,71.384,700,13.838,10,49,57,10,310.5,"6,209",20,177,149,10,47.14,66,140,61,56,10,71.11,128,180,-0.27,34,34,10,.937,-.318,.810,.445,10,87,87,10,.216,2.160,9.371,-7.211,10,163,163,10,-.721,-7.211,10,117,104,10,59.62,31,52,142,142,10,-.318,-3.182,10,23,23,10,.810,8.102,10,28,28,10,.445,4.450,10
russell knox,97,44,14,71.392,987,12.493,14,214,195,14,280.1,"7,842",28,106,106,14,54.17,104,192,102,56,14,68.25,172,252,-0.27,47,47,14,.704,-.637,.893,.448,10,36,36,14,.992,9.916,7.040,2.877,10,76,76,14,.288,2.877,10,163,45,14,55.00,44,80,175,175,14,-.637,-6.371,10,17,17,14,.893,8.931,10,27,27,14,.448,4.478,10
dylan frittelli,98,121,12,71.419,846,11.028,12,106,105,12,300.6,"7,214",24,173,159,12,48.17,79,164,146,149,12,66.20,143,216,-0.27,128,128,12,-.364,-.299,.278,-.344,8,129,129,12,-.577,-4.619,-2.909,-1.710,8,125,125,12,-.214,-1.710,8,107,142,12,60.27,44,73,140,140,12,-.299,-2.388,8,67,67,12,.278,2.227,8,152,152,12,-.344,-2.749,8
callum tarren,99,82,8,71.452,564,7.616,8,53,61,8,310.1,"4,962",16,101,90,8,54.46,61,112,79,72,8,69.44,100,144,-0.30,132,132,8,-.408,.250,.133,-.792,8,85,85,8,.298,2.381,-3.265,5.646,8,26,26,8,.706,5.646,8,124,111,8,59.09,26,44,64,64,8,.250,2.004,8,81,81,8,.133,1.067,8,185,185,8,-.792,-6.337,8
harrison endycott,100,83,10,71.506,703,12.060,10,175,174,10,289.3,"5,786",20,44,41,10,60.71,85,140,115,102,10,67.78,122,180,-0.27,86,86,10,.174,.396,-.155,-.067,10,95,95,10,.094,.938,1.740,-.802,10,109,109,10,-.080,-.802,10,57,55,10,65.52,38,58,47,47,10,.396,3.955,10,115,115,10,-.155,-1.551,10,113,113,10,-.067,-.665,10
zecheng dou,101,84,10,71.508,706,9.081,10,74,85,10,306.7,"6,133",20,143,121,10,51.43,72,140,188,169,10,61.67,111,180,-0.31,57,57,10,.525,.452,.059,.014,10,86,86,10,.292,2.916,5.249,-2.332,10,128,128,10,-.233,-2.332,10,43,40,10,68.12,47,69,41,41,10,.452,4.516,10,89,89,10,.059,.593,10,96,96,10,.014,.138,10
brice garnett,102,85,8,71.536,566,6.288,8,193,181,8,286.4,"4,583",16,137,114,8,51.79,58,112,129,115,8,66.67,96,144,-0.31,139,139,8,-.575,-.599,.013,.012,8,75,75,8,.464,3.709,-4.596,8.306,8,16,16,8,1.038,8.306,8,84,74,8,62.50,30,48,173,173,8,-.599,-4.795,8,96,96,8,.013,.100,8,97,97,8,.012,.096,8
kramer hickok,103,87,8,71.605,567,5.838,8,122,130,8,298.3,"4,773",16,93,83,8,55.36,62,112,64,58,8,70.83,102,144,-0.24,80,80,8,.260,.048,.124,.088,8,92,92,8,.145,1.159,2.082,-.923,8,115,115,8,-.115,-.923,8,67,65,8,64.29,27,42,90,90,8,.048,.386,8,83,83,8,.124,.994,8,80,80,8,.088,.701,8
j.t. poston,104,89,6,71.645,420,9.869,6,132,138,6,296.0,"3,552",12,112,94,6,53.57,45,84,14,17,6,75.00,81,108,-0.27,87,87,6,.172,-.261,.419,.015,6,113,113,6,-.311,-1.868,1.034,-2.902,6,145,145,6,-.484,-2.902,6,179,160,6,51.85,14,27,132,132,6,-.261,-1.569,6,54,54,6,.419,2.515,6,95,95,6,.015,.088,6
taylor pendrith,105,90,8,71.651,562,11.206,8,3,5,8,326.3,"5,220",16,38,34,8,62.50,70,112,20,25,8,73.61,106,144,-0.23,71,71,8,.361,.699,-.024,-.313,8,106,106,8,-.151,-1.208,2.891,-4.099,8,148,148,8,-.512,-4.099,8,56,53,8,65.79,25,38,17,17,8,.699,5.590,8,100,100,8,-.024,-.192,8,149,149,8,-.313,-2.507,8
austin eckroat,106,92,12,71.692,845,15.303,12,117,126,12,299.0,"7,176",24,85,79,12,55.95,94,168,49,44,12,71.76,155,216,-0.27,83,83,12,.212,.362,.106,-.255,12,98,98,12,-.025,-.305,2.549,-2.853,12,129,129,12,-.238,-2.853,12,160,143,12,55.74,34,61,50,50,12,.362,4.341,12,85,85,12,.106,1.267,12,143,143,12,-.255,-3.061,12
austin cook,107,93,6,71.729,426,4.373,6,199,186,6,284.8,"3,418",12,36,32,6,63.10,53,84,129,115,6,66.67,72,108,-0.31,45,45,6,.713,-.054,.328,.440,6,100,100,6,-.063,-.376,4.280,-4.656,6,165,165,6,-.776,-4.656,6,186,165,6,50.00,18,36,107,107,6,-.054,-.323,6,61,61,6,.328,1.966,6,30,30,6,.440,2.637,6
chris stroud,108,94,8,71.786,568,6.288,8,180,176,8,288.9,"4,623",16,163,138,8,49.11,55,112,170,149,8,63.89,92,144,-0.28,116,116,8,-.139,-.619,.641,-.161,8,89,89,8,.214,1.709,-1.110,2.820,8,67,67,8,.353,2.820,8,139,124,8,57.69,30,52,174,174,8,-.619,-4.955,8,36,36,8,.641,5.128,8,127,127,8,-.161,-1.286,8
ryan moore,109,96,8,71.824,564,10.595,8,215,198,8,279.4,"4,470",16,17,15,8,66.07,74,112,103,93,8,68.06,98,144,-0.28,104,104,8,-.053,-.499,.502,-.055,8,114,114,8,-.325,-2.597,-.422,-2.175,8,132,132,8,-.272,-2.175,8,127,113,8,58.70,27,46,165,165,8,-.499,-3.995,8,49,49,8,.502,4.013,8,110,110,8,-.055,-.440,8
sung kang,110,97,2,71.863,143,.726,2,66,76,2,308.0,"1,232",4,200,175,2,42.86,12,28,79,72,2,69.44,25,36,-0.24,122,122,2,-.234,-.192,.822,-.864,2,93,93,2,.136,.271,-.468,.739,2,64,64,2,.369,.739,2,165,148,2,54.55,6,11,128,128,2,-.192,-.384,2,22,22,2,.822,1.645,2,188,188,2,-.864,-1.728,2
ryan palmer,111,99,2,71.897,141,2.793,2,6,10,2,323.5,"1,294",4,73,67,2,57.14,16,28,6,9,2,77.78,28,36,-0.21,90,90,2,.147,.527,-.418,.039,2,145,145,2,-.897,-1.793,.294,-2.087,2,181,181,2,-1.044,-2.087,2,218,197,2,37.50,3,8,32,32,2,.527,1.053,2,145,145,2,-.418,-.837,2,87,87,2,.039,.078,2
davis riley,112,108,10,71.924,711,8.235,10,143,135,10,294.0,"5,879",20,178,185,10,47.06,64,136,61,51,10,71.11,128,180,-0.21,65,65,10,.435,-.493,.908,.020,6,103,103,10,-.138,-.826,2.608,-3.433,6,153,153,10,-.572,-3.433,6,117,83,10,59.62,31,52,163,163,10,-.493,-2.961,6,16,16,10,.908,5.447,6,92,92,10,.020,.120,6
gary woodland,113,100,7,71.953,499,4.669,7,31,40,7,313.3,"4,386",14,120,105,7,53.06,52,98,32,33,7,73.02,92,126,-0.25,37,37,7,.823,.165,1.018,-.359,7,102,102,7,-.096,-.673,5.764,-6.437,7,172,172,7,-.920,-6.437,7,175,156,7,52.94,18,34,74,74,7,.165,1.154,7,14,14,7,1.018,7.125,7,154,154,7,-.359,-2.516,7
zac blair,114,101,8,71.980,570,5.838,8,212,197,8,281.0,"4,496",16,22,21,8,65.18,73,112,123,111,8,67.36,97,144,-0.26,119,119,8,-.180,-.284,.070,.034,8,108,108,8,-.230,-1.841,-1.436,-.405,8,103,103,8,-.051,-.405,8,141,126,8,57.45,27,47,138,138,8,-.284,-2.270,8,87,87,8,.070,.563,8,90,90,8,.034,.270,8
david lipsky,115,146,12,72.001,850,14.007,12,158,134,12,291.7,"7,001",24,10,15,12,68.90,113,164,37,49,12,72.69,157,216,-0.19,97,97,12,.042,.323,-.219,-.061,8,159,159,12,-1.450,-11.597,.336,-11.933,8,191,191,12,-1.492,-11.933,8,184,179,12,50.85,30,59,53,53,12,.323,2.580,8,120,120,12,-.219,-1.753,8,111,111,12,-.061,-.491,8
ben martin,116,102,10,72.006,708,12.060,10,109,116,10,300.4,"6,008",20,91,82,10,55.71,78,140,36,35,10,72.78,131,180,-0.24,126,126,10,-.318,-.566,.776,-.528,10,120,120,10,-.406,-4.062,-3.178,-.884,10,112,112,10,-.088,-.884,10,122,109,10,59.18,29,49,172,172,10,-.566,-5.658,10,25,25,10,.776,7.759,10,165,165,10,-.528,-5.280,10
michael thompson,116,102,10,72.006,708,12.060,10,197,184,10,285.4,"5,708",20,33,30,10,63.57,89,140,51,46,10,71.67,129,180,-0.26,137,137,10,-.469,-.047,-.182,-.240,10,120,120,10,-.406,-4.062,-4.686,.624,10,96,96,10,.062,.624,10,182,163,10,50.98,26,51,105,105,10,-.047,-.466,10,117,117,10,-.182,-1.818,10,140,140,10,-.240,-2.403,10
nate lashley,118,104,10,72.008,711,9.081,10,160,163,10,291.0,"5,820",20,51,49,10,60.00,84,140,149,128,10,66.11,119,180,-0.29,135,135,10,-.450,.072,-.564,.042,10,107,107,10,-.208,-2.084,-4.502,2.419,10,81,81,10,.242,2.419,10,160,143,10,55.74,34,61,87,87,10,.072,.720,10,155,155,10,-.564,-5.642,10,86,86,10,.042,.418,10
peter malnati,119,88,10,72.024,712,8.235,10,181,140,10,288.8,"5,775",20,147,122,10,50.00,68,136,208,188,10,56.11,101,180,-0.32,114,114,10,-.130,-.287,-.770,.927,6,78,78,10,.362,2.174,-.782,2.957,6,45,45,10,.493,2.957,6,89,52,10,62.03,49,79,139,139,10,-.287,-1.724,6,164,164,10,-.770,-4.620,6,7,7,10,.927,5.560,6
brandt snedeker,120,105,4,72.048,286,2.191,4,224,203,4,266.6,"2,133",8,147,127,4,50.00,28,56,129,115,4,66.67,48,72,-0.27,120,120,4,-.203,-.409,.104,.103,4,99,99,4,-.049,-.194,-.810,.616,4,89,89,4,.154,.616,4,205,184,4,45.83,11,24,153,153,4,-.409,-1.636,4,86,86,4,.104,.415,4,76,76,4,.103,.410,4
chad ramey,121,113,12,72.084,851,14.007,12,136,92,12,295.1,"7,083",24,105,125,12,54.27,89,164,91,72,12,68.98,149,216,-0.26,154,154,12,-.896,-.266,-.097,-.533,8,136,136,12,-.700,-5.597,-7.168,1.571,8,84,84,12,.196,1.571,8,201,159,12,46.27,31,67,133,133,12,-.266,-2.127,8,112,112,12,-.097,-.775,8,166,166,12,-.533,-4.266,8
vincent norrman,122,106,8,72.105,571,5.838,8,44,52,8,311.1,"4,977",16,146,125,8,50.89,57,112,123,111,8,67.36,97,144,-0.28,142,142,8,-.615,.040,-.261,-.395,8,115,115,8,-.355,-2.841,-4.920,2.079,8,80,80,8,.260,2.079,8,173,154,8,53.19,25,47,92,92,8,.040,.323,8,123,123,8,-.261,-2.086,8,159,159,8,-.395,-3.158,8
trevor cone,123,108,6,72.137,428,4.823,6,28,38,6,313.9,"3,767",12,215,192,6,36.90,31,84,170,149,6,63.89,69,108,-0.28,90,90,6,.147,.721,-.714,.140,6,103,103,6,-.138,-.826,.884,-1.709,6,134,134,6,-.285,-1.709,6,69,66,6,64.10,25,39,15,15,6,.721,4.326,6,162,162,6,-.714,-4.284,6,74,74,6,.140,.840,6
sam stevens,123,108,6,72.137,428,4.823,6,60,69,6,308.8,"3,705",12,176,147,6,47.62,40,84,119,107,6,67.59,73,108,-0.26,136,136,6,-.462,-.196,-.413,.146,6,103,103,6,-.138,-.826,-2.773,1.948,6,70,70,6,.325,1.948,6,142,127,6,57.14,20,35,129,129,6,-.196,-1.175,6,144,144,6,-.413,-2.476,6,72,72,6,.146,.876,6
brandon matthews,125,111,6,72.148,426,6.890,6,9,13,6,322.8,"3,873",12,144,122,6,51.19,43,84,98,91,6,68.52,74,108,-0.28,96,96,6,.045,.627,.259,-.840,6,125,125,6,-.482,-2.890,.272,-3.161,6,152,152,6,-.527,-3.161,6,159,141,6,55.88,19,34,26,26,6,.627,3.760,6,69,69,6,.259,1.551,6,187,187,6,-.840,-5.040,6
doug ghim,126,112,8,72.151,566,11.206,8,75,86,8,306.4,"4,902",16,101,90,8,54.46,61,112,64,58,8,70.83,102,144,-0.23,123,123,8,-.238,-.077,-.313,.152,8,134,134,8,-.651,-5.208,-1.907,-3.301,8,141,141,8,-.413,-3.301,8,90,79,8,61.90,26,42,113,113,8,-.077,-.617,8,132,132,8,-.313,-2.505,8,69,69,8,.152,1.215,8
ryan armour,127,114,8,72.202,570,7.616,8,185,178,8,288.6,"4,617",16,15,13,8,66.96,75,112,94,85,8,68.75,99,144,-0.24,152,152,8,-.822,.072,-.291,-.602,8,123,123,8,-.452,-3.619,-6.572,2.953,8,64,64,8,.369,2.953,8,108,94,8,60.00,27,45,87,87,8,.072,.575,8,129,129,8,-.291,-2.330,8,172,172,8,-.602,-4.818,8
erik barnes,127,114,8,72.202,570,7.616,8,81,95,8,305.2,"4,883",16,199,173,8,43.75,49,112,167,145,8,64.58,93,144,-0.30,102,102,8,-.045,-.106,.030,.032,8,123,123,8,-.452,-3.619,-.356,-3.263,8,140,140,8,-.408,-3.263,8,164,147,8,54.90,28,51,115,115,8,-.106,-.846,8,93,93,8,.030,.237,8,91,91,8,.032,.252,8
andrew landry,129,116,10,72.206,710,12.060,10,159,162,10,291.1,"5,822",20,124,106,10,52.86,74,140,169,147,10,64.44,116,180,-0.22,153,153,10,-.831,-.522,-.538,.228,10,132,132,10,-.606,-6.062,-8.313,2.251,10,82,82,10,.225,2.251,10,40,33,10,68.75,44,64,167,167,10,-.522,-5.222,10,153,153,10,-.538,-5.377,10,58,58,10,.228,2.285,10
c.t. pan,130,144,12,72.225,857,9.700,12,153,156,12,292.7,"7,025",24,121,173,12,53.05,87,164,49,85,12,71.76,155,216,-0.21,109,109,12,-.096,-.403,.357,-.050,8,146,146,12,-.911,-7.291,-.771,-6.519,8,167,167,12,-.815,-6.519,8,177,151,12,52.46,32,61,152,152,12,-.403,-3.224,8,58,58,12,.357,2.853,8,107,107,12,-.050,-.403,8
augusto núñez,131,117,6,72.229,429,4.373,6,4,6,6,325.5,"3,906",12,189,163,6,45.24,38,84,166,143,6,64.81,70,108,-0.27,133,133,6,-.432,.126,-.556,-.003,6,128,128,6,-.563,-3.376,-2.592,-.784,6,117,117,6,-.131,-.784,6,136,121,6,57.89,22,38,80,80,6,.126,.759,6,154,154,6,-.556,-3.335,6,100,100,6,-.003,-.016,6
troy merritt,132,123,10,72.240,714,8.396,10,170,112,10,289.8,"5,795",20,55,60,10,59.56,81,136,101,66,10,68.33,123,180,-0.21,118,118,10,-.156,.090,-.306,.059,6,135,135,10,-.665,-3.987,-.937,-3.050,6,147,147,10,-.508,-3.050,6,167,54,10,54.39,31,57,84,84,10,.090,.542,6,131,131,10,-.306,-1.834,6,84,84,10,.059,.354,6
brendan steele,133,173,8,72.249,573,4.992,8,99,81,8,302.0,"4,832",16,110,127,8,53.70,58,108,103,136,8,68.06,98,144,-0.24,117,117,8,-.142,.497,-.404,-.235,4,183,183,8,-2.396,-9.583,-.569,-9.014,4,199,199,8,-2.253,-9.014,4,207,186,8,45.65,21,46,38,38,8,.497,1.987,4,143,143,8,-.404,-1.616,4,137,137,8,-.235,-.941,4
john huh,134,156,12,72.252,856,11.028,12,209,192,12,282.5,"6,779",24,173,138,12,48.17,79,164,179,175,12,63.43,137,216,-0.29,177,177,12,-1.628,-.835,-1.006,.212,8,161,161,12,-1.452,-11.619,-13.027,1.408,8,86,86,12,.176,1.408,8,162,102,12,55.70,44,79,184,184,12,-.835,-6.676,8,171,171,12,-1.006,-8.045,8,61,61,12,.212,1.693,8
kyle westmoreland,135,118,6,72.304,429,4.823,6,12,19,6,320.8,"3,850",12,213,190,6,38.10,32,84,74,66,6,70.37,76,108,-0.28,129,129,6,-.379,.112,-.357,-.135,6,111,111,6,-.304,-1.826,-2.276,.451,6,95,95,6,.075,.451,6,198,177,6,46.88,15,32,82,82,6,.112,.674,6,137,137,6,-.357,-2.143,6,120,120,6,-.135,-.809,6
philip knowles,136,120,8,72.324,568,10.595,8,83,97,8,305.1,"4,881",16,39,36,8,61.61,69,112,94,85,8,68.75,99,144,-0.30,125,125,8,-.299,-.076,-.078,-.144,8,141,141,8,-.825,-6.597,-2.389,-4.208,8,151,151,8,-.526,-4.208,8,193,173,8,48.89,22,45,111,111,8,-.076,-.610,8,105,105,8,-.078,-.626,8,123,123,8,-.144,-1.153,8
scott piercy,137,121,8,72.327,571,7.616,8,139,146,8,294.7,"4,715",16,194,168,8,44.64,50,112,151,130,8,65.97,95,144,-0.22,107,107,8,-.090,-.556,-.131,.596,8,129,129,8,-.577,-4.619,-.721,-3.898,8,146,146,8,-.487,-3.898,8,82,73,8,63.27,31,49,171,171,8,-.556,-4.445,8,114,114,8,-.131,-1.046,8,16,16,8,.596,4.769,8
jimmy walker,138,124,8,72.355,573,5.838,8,65,75,8,308.2,"4,931",16,101,90,8,54.46,61,112,103,93,8,68.06,98,144,-0.28,134,134,8,-.440,.122,.700,-.716,8,131,131,8,-.605,-4.841,-3.522,-1.319,8,121,121,8,-.165,-1.319,8,196,176,8,47.83,22,46,81,81,8,.122,.975,8,31,31,8,.700,5.601,8,180,180,8,-.716,-5.728,8
webb simpson,139,125,2,72.363,144,.726,2,45,53,2,311.0,"1,244",4,26,22,2,64.29,18,28,129,115,2,66.67,24,36,-0.25,43,43,2,.731,.574,-.086,.242,2,117,117,2,-.365,-.729,1.461,-2.190,2,184,184,2,-1.095,-2.190,2,131,117,2,58.33,7,12,28,28,2,.574,1.148,2,108,108,2,-.086,-.171,2,53,53,2,.242,.485,2
charley hoffman,140,127,4,72.380,286,3.519,4,60,69,4,308.8,"2,470",8,200,175,4,42.86,24,56,103,93,4,68.06,49,72,-0.16,92,92,4,.120,-.361,-.263,.743,4,143,143,4,-.881,-3.522,.479,-4.002,4,179,179,4,-1.000,-4.002,4,60,58,4,65.22,15,23,145,145,4,-.361,-1.442,4,124,124,4,-.263,-1.050,4,12,12,4,.743,2.972,4
trey mullinax,141,128,4,72.395,288,1.580,4,16,24,4,318.6,"2,549",8,221,199,4,28.57,16,56,204,185,4,56.94,41,72,-0.34,110,110,4,-.099,.025,.513,-.636,4,119,119,4,-.396,-1.583,-.395,-1.188,4,137,137,4,-.297,-1.188,4,96,83,4,61.29,19,31,95,95,4,.025,.098,4,48,48,4,.513,2.050,4,174,174,4,-.636,-2.544,4
matthias schwab,142,129,10,72.406,712,12.060,10,202,189,10,283.8,"5,675",20,37,33,10,62.86,88,140,115,102,10,67.78,122,180,-0.26,141,141,10,-.589,-.064,-.384,-.141,10,140,140,10,-.806,-8.062,-5.889,-2.173,10,126,126,10,-.217,-2.173,10,129,115,10,58.62,34,58,109,109,10,-.064,-.639,10,142,142,10,-.384,-3.840,10,121,121,10,-.141,-1.411,10
hank lebioda,143,130,2,72.427,144,.854,2,220,200,2,271.5,"1,086",4,147,127,2,50.00,14,28,79,72,2,69.44,25,36,-0.16,82,82,2,.222,-.283,1.192,-.688,2,122,122,2,-.427,-.854,.443,-1.296,2,158,158,2,-.648,-1.296,2,75,69,2,63.64,7,11,136,136,2,-.283,-.566,2,7,7,2,1.192,2.384,2,176,176,2,-.688,-1.376,2
michael gligic,144,131,8,72.452,572,7.616,8,79,94,8,305.3,"4,884",16,93,83,8,55.36,62,112,170,149,8,63.89,92,144,-0.25,100,100,8,-.011,.216,-.297,.070,8,137,137,8,-.702,-5.619,-.086,-5.533,8,162,162,8,-.692,-5.533,8,139,124,8,57.69,30,52,70,70,8,.216,1.729,8,130,130,8,-.297,-2.378,8,82,82,8,.070,.562,8
carson young,144,131,8,72.452,572,7.616,8,174,173,8,289.4,"4,630",16,112,94,8,53.57,60,112,94,85,8,68.75,99,144,-0.24,164,164,8,-1.090,-.366,-.264,-.460,8,137,137,8,-.702,-5.619,-8.716,3.097,8,59,59,8,.387,3.097,8,171,151,8,53.33,24,45,146,146,8,-.366,-2.928,8,125,125,8,-.264,-2.108,8,162,162,8,-.460,-3.681,8
scott harrington,146,133,8,72.480,574,5.838,8,40,47,8,311.8,"4,988",16,169,143,8,48.21,54,112,158,136,8,65.28,94,144,-0.23,105,105,8,-.054,.259,.055,-.368,8,139,139,8,-.730,-5.841,-.430,-5.411,8,160,160,8,-.676,-5.411,8,157,140,8,56.00,28,50,63,63,8,.259,2.072,8,90,90,8,.055,.439,8,157,157,8,-.368,-2.942,8
matti schmid,147,134,6,72.508,432,3.045,6,18,28,6,317.3,"3,807",12,127,108,6,52.38,44,84,184,165,6,62.04,67,108,-0.33,106,106,6,-.087,.726,-.117,-.696,6,126,126,6,-.508,-3.048,-.519,-2.528,6,142,142,6,-.421,-2.528,6,181,162,6,51.22,21,41,14,14,6,.726,4.356,6,113,113,6,-.117,-.700,6,178,178,6,-.696,-4.177,6
lucas glover,148,135,4,72.548,288,2.191,4,204,191,4,283.6,"2,269",8,137,114,4,51.79,29,56,79,72,4,69.44,50,72,-0.26,143,143,4,-.632,.282,.401,-1.315,4,127,127,4,-.549,-2.194,-2.526,.332,4,94,94,4,.083,.332,4,75,69,4,63.64,14,22,59,59,4,.282,1.129,4,56,56,4,.401,1.605,4,200,200,4,-1.315,-5.261,4
richy werenski,149,136,6,72.562,431,4.373,6,181,177,6,288.8,"3,465",12,189,163,6,45.24,38,84,184,165,6,62.04,67,108,-0.27,169,169,6,-1.351,-.053,-1.157,-.141,6,144,144,6,-.896,-5.376,-8.104,2.728,6,51,51,6,.455,2.728,6,156,139,6,56.10,23,41,106,106,6,-.053,-.317,6,177,177,6,-1.157,-6.943,6,121,121,6,-.141,-.844,6
chez reavie,150,168,10,72.579,718,7.785,10,208,159,10,282.6,"5,652",20,32,60,10,63.97,87,136,129,162,10,66.67,120,180,-0.17,161,161,10,-1.053,-.388,-.851,.186,6,183,183,10,-2.396,-14.376,-6.320,-8.056,6,188,188,10,-1.343,-8.056,6,131,146,10,58.33,35,60,149,149,10,-.388,-2.329,6,169,169,10,-.851,-5.106,6,65,65,10,.186,1.115,6
tano goya,151,137,10,72.584,712,13.838,10,70,82,10,306.9,"6,137",20,162,137,10,49.29,69,140,156,135,10,65.56,118,180,-0.28,154,154,10,-.896,.199,-.818,-.276,10,148,148,10,-.984,-9.840,-8.955,-.885,10,112,112,10,-.088,-.885,10,154,137,10,56.45,35,62,71,71,10,.199,1.986,10,166,166,10,-.818,-8.182,10,145,145,10,-.276,-2.760,10
danny lee,152,176,8,72.616,574,6.931,8,177,187,8,289.1,"4,625",16,70,114,8,57.41,62,108,123,149,8,67.36,97,144,-0.21,187,187,8,-2.299,-.975,-.061,-1.263,4,189,189,8,-3.131,-12.522,-9.196,-3.327,4,169,169,8,-.832,-3.327,4,199,180,8,46.81,22,47,190,190,8,-.975,-3.899,4,104,104,8,-.061,-.245,4,198,198,8,-1.263,-5.051,4
dylan wu,153,138,6,72.637,431,4.823,6,162,164,6,290.8,"3,489",12,179,151,6,46.43,39,84,129,115,6,66.67,72,108,-0.18,64,64,6,.456,-.442,.557,.341,6,133,133,6,-.638,-3.826,2.738,-6.563,6,183,183,6,-1.094,-6.563,6,72,67,6,63.89,23,36,156,156,6,-.442,-2.654,6,42,42,6,.557,3.345,6,40,40,6,.341,2.045,6
tyson alexander,154,139,8,72.699,571,10.595,8,95,105,8,302.5,"4,840",16,147,127,8,50.00,56,112,199,180,8,58.33,84,144,-0.27,166,166,8,-1.149,-.667,-1.170,.688,8,150,150,8,-1.200,-9.597,-9.188,-.409,8,103,103,8,-.051,-.409,8,108,94,8,60.00,36,60,180,180,8,-.667,-5.333,8,178,178,8,-1.170,-9.357,8,15,15,8,.688,5.502,8
mj daffue,155,140,8,72.702,574,7.616,8,10,16,8,322.1,"5,153",16,137,114,8,51.79,58,112,123,111,8,67.36,97,144,-0.23,41,41,8,.758,.303,.690,-.236,8,147,147,8,-.952,-7.619,6.061,-13.680,8,194,194,8,-1.710,-13.680,8,73,68,8,63.83,30,47,57,57,8,.303,2.423,8,32,32,8,.690,5.522,8,138,138,8,-.236,-1.885,8
vince whaley,156,141,8,72.827,575,7.616,8,26,37,8,314.7,"5,035",16,200,175,8,42.86,48,112,186,167,8,61.81,89,144,-0.26,150,150,8,-.752,-.646,-.078,-.029,8,149,149,8,-1.077,-8.619,-6.018,-2.601,8,138,138,8,-.325,-2.601,8,108,94,8,60.00,33,55,178,178,8,-.646,-5.170,8,105,105,8,-.078,-.620,8,105,105,8,-.029,-.229,8
kevin chappell,157,142,2,72.863,145,.726,2,22,33,2,316.0,"1,264",4,223,201,2,25.00,7,28,189,170,2,61.11,22,36,-0.27,176,176,2,-1.613,-1.295,-.629,.311,2,142,142,2,-.865,-1.729,-3.225,1.496,2,24,24,2,.748,1.496,2,142,127,2,57.14,8,14,199,199,2,-1.295,-2.589,2,159,159,2,-.629,-1.257,2,44,44,2,.311,.622,2
eric cole,158,143,6,72.896,433,4.373,6,131,137,6,296.3,"3,555",12,189,163,6,45.24,38,84,198,179,6,59.26,64,108,-0.34,188,188,6,-2.327,-.532,-1.105,-.690,6,151,151,6,-1.229,-7.376,-13.963,6.587,6,15,15,6,1.098,6.587,6,186,165,6,50.00,22,44,168,168,6,-.532,-3.194,6,173,173,6,-1.105,-6.628,6,177,177,6,-.690,-4.141,6
rory sabbatini,159,145,4,72.912,288,3.647,4,112,119,4,299.8,"2,398",8,169,143,4,48.21,27,56,209,189,4,55.56,40,72,-0.35,183,183,4,-1.885,-.644,-1.472,.231,4,157,157,4,-1.412,-5.647,-7.540,1.893,4,49,49,4,.473,1.893,4,84,74,4,62.50,20,32,177,177,4,-.644,-2.574,4,186,186,4,-1.472,-5.888,4,57,57,4,.231,.922,4
patton kizzire,160,146,8,72.949,573,10.595,8,67,78,8,307.8,"4,925",16,163,138,8,49.11,55,112,182,163,8,62.50,90,144,-0.28,147,147,8,-.714,-.449,-.502,.237,8,159,159,8,-1.450,-11.597,-5.714,-5.883,8,164,164,8,-.735,-5.883,8,121,107,8,59.26,32,54,157,157,8,-.449,-3.590,8,151,151,8,-.502,-4.017,8,55,55,8,.237,1.893,8
brent grant,161,148,6,73.062,434,4.373,6,62,71,6,308.6,"3,703",12,97,87,6,54.76,46,84,170,149,6,63.89,69,108,-0.23,149,149,6,-.745,.419,-.801,-.363,6,154,154,6,-1.396,-8.376,-4.469,-3.907,6,159,159,6,-.651,-3.907,6,169,150,6,53.85,21,39,45,45,6,.419,2.516,6,165,165,6,-.801,-4.806,6,156,156,6,-.363,-2.179,6
kevin tway,161,148,6,73.062,434,4.373,6,49,57,6,310.5,"3,726",12,209,185,6,39.29,33,84,189,170,6,61.11,66,108,-0.23,173,173,6,-1.572,-.397,-.466,-.709,6,154,154,6,-1.396,-8.376,-9.433,1.057,6,86,86,6,.176,1.057,6,142,127,6,57.14,24,42,150,150,6,-.397,-2.382,6,148,148,6,-.466,-2.796,6,179,179,6,-.709,-4.255,6
carl yuan,161,148,6,73.062,434,4.373,6,53,61,6,310.1,"3,721",12,73,67,6,57.14,48,84,119,107,6,67.59,73,108,-0.22,81,81,6,.226,.633,.128,-.535,6,154,154,6,-1.396,-8.376,1.354,-9.730,6,193,193,6,-1.622,-9.730,6,142,127,6,57.14,20,35,23,23,6,.633,3.799,6,82,82,6,.128,.766,6,167,167,6,-.535,-3.211,6
jim herman,164,151,8,73.074,574,10.595,8,188,180,8,288.2,"4,611",16,7,9,8,69.64,78,112,151,130,8,65.97,95,144,-0.21,168,168,8,-1.288,.130,-1.172,-.246,8,164,164,8,-1.575,-12.597,-10.302,-2.295,8,135,135,8,-.287,-2.295,8,142,127,8,57.14,28,49,79,79,8,.130,1.039,8,179,179,8,-1.172,-9.376,8,142,142,8,-.246,-1.965,8
henrik norlander,165,152,8,73.077,577,7.616,8,114,122,8,299.4,"4,791",16,39,36,8,61.61,69,112,103,93,8,68.06,98,144,-0.22,120,120,8,-.203,-.021,-.096,-.086,8,152,152,8,-1.327,-10.619,-1.623,-8.996,8,185,185,8,-1.124,-8.996,8,186,165,8,50.00,23,46,104,104,8,-.021,-.168,8,111,111,8,-.096,-.771,8,114,114,8,-.086,-.685,8
nicholas lindheim,166,154,4,73.162,289,3.647,4,162,164,4,290.8,"2,326",8,58,53,4,58.93,33,56,20,25,4,73.61,53,72,-0.26,151,151,4,-.802,-.105,-.054,-.643,4,168,168,4,-1.662,-6.647,-3.207,-3.440,4,171,171,4,-.860,-3.440,4,224,202,4,31.58,6,19,114,114,4,-.105,-.418,4,103,103,4,-.054,-.215,4,175,175,4,-.643,-2.574,4
tyler duncan,167,155,8,73.199,575,10.595,8,101,110,8,301.5,"4,824",16,83,76,8,56.25,63,112,94,85,8,68.75,99,144,-0.22,156,156,8,-.902,.195,-.332,-.765,8,169,169,8,-1.700,-13.597,-7.218,-6.379,8,166,166,8,-.797,-6.379,8,193,173,8,48.89,22,45,72,72,8,.195,1.563,8,136,136,8,-.332,-2.657,8,182,182,8,-.765,-6.124,8
ryan brehm,168,157,6,73.229,435,4.373,6,62,71,6,308.6,"3,703",12,209,185,6,39.29,33,84,203,184,6,57.41,62,108,-0.23,185,185,6,-2.185,-.182,-1.220,-.783,6,162,162,6,-1.563,-9.376,-13.109,3.733,6,34,34,6,.622,3.733,6,127,113,6,58.70,27,46,126,126,6,-.182,-1.092,6,181,181,6,-1.220,-7.320,6,184,184,6,-.783,-4.697,6
robert streb,168,157,6,73.229,435,4.373,6,100,109,6,301.8,"3,621",12,179,151,6,46.43,39,84,154,133,6,65.74,71,108,-0.20,127,127,6,-.362,-.151,.149,-.360,6,162,162,6,-1.563,-9.376,-2.169,-7.207,6,187,187,6,-1.201,-7.207,6,210,190,6,43.24,16,37,120,120,6,-.151,-.904,6,78,78,6,.149,.895,6,155,155,6,-.360,-2.160,6
kelly kraft,170,159,2,73.363,146,.726,2,175,174,2,289.3,"1,157",4,112,94,2,53.57,15,28,170,149,2,63.89,23,36,-0.26,192,192,2,-2.880,-.918,-.452,-1.510,2,153,153,2,-1.365,-2.729,-5.759,3.030,2,6,6,2,1.515,3.030,2,202,180,2,46.15,6,13,186,186,2,-.918,-1.835,2,146,146,2,-.452,-.903,2,202,202,2,-1.510,-3.020,2
jason dufner,171,160,6,73.396,436,4.373,6,118,127,6,298.9,"3,587",12,112,94,6,53.57,45,84,154,133,6,65.74,71,108,-0.27,148,148,6,-.742,-.533,-.314,.105,6,170,170,6,-1.729,-10.376,-4.452,-5.924,6,176,176,6,-.987,-5.924,6,204,183,6,45.95,17,37,169,169,6,-.533,-3.197,6,133,133,6,-.314,-1.883,6,75,75,6,.105,.628,6
nick watney,172,161,10,73.408,725,9.081,10,93,104,10,302.7,"6,053",20,193,167,10,45.00,63,140,165,142,10,65.00,117,180,-0.21,165,165,10,-1.143,-1.021,-.271,.148,10,165,165,10,-1.608,-16.084,-11.431,-4.652,10,143,143,10,-.465,-4.652,10,185,164,10,50.79,32,63,194,194,10,-1.021,-10.206,10,128,128,10,-.271,-2.709,10,70,70,10,.148,1.482,10
martin trainer,173,162,2,73.427,146,.854,2,92,103,2,302.8,"1,211",4,179,151,2,46.43,13,28,209,189,2,55.56,20,36,-0.30,180,180,2,-1.797,-.055,-1.551,-.192,2,158,158,2,-1.427,-2.854,-3.594,.741,2,63,63,2,.370,.741,2,155,138,2,56.25,9,16,108,108,2,-.055,-.109,2,189,189,2,-1.551,-3.102,2,134,134,2,-.192,-.384,2
david lingmerth,174,163,6,73.562,437,4.373,6,194,182,6,286.2,"3,434",12,97,87,6,54.76,46,84,199,180,6,58.33,63,108,-0.27,175,175,6,-1.604,-.993,-.268,-.344,6,172,172,6,-1.896,-11.376,-9.626,-1.750,6,136,136,6,-.292,-1.750,6,171,151,6,53.33,24,45,191,191,6,-.993,-5.955,6,127,127,6,-.268,-1.608,6,152,152,6,-.344,-2.063,6
trevor werbylo,175,164,8,73.574,578,10.595,8,57,65,8,309.9,"4,959",16,187,159,8,45.54,51,112,186,167,8,61.81,89,144,-0.21,172,172,8,-1.558,-1.015,-.939,.396,8,178,178,8,-2.075,-16.597,-12.463,-4.134,8,149,149,8,-.517,-4.134,8,108,94,8,60.00,33,55,192,192,8,-1.015,-8.118,8,170,170,8,-.939,-7.515,8,34,34,8,.396,3.170,8
anders albertson,176,165,4,73.645,293,1.580,4,140,148,4,294.3,"2,354",8,200,175,4,42.86,24,56,204,185,4,56.94,41,72,-0.24,144,144,4,-.647,-.073,-.571,-.003,4,167,167,4,-1.646,-6.583,-2.586,-3.997,4,178,178,4,-.999,-3.997,4,135,120,4,58.06,18,31,110,110,4,-.073,-.293,4,156,156,4,-.571,-2.284,4,100,100,4,-.003,-.010,4
kevin roy,177,166,8,73.702,582,7.616,8,165,166,8,290.7,"4,651",16,187,159,8,45.54,51,112,195,175,8,60.42,87,144,-0.20,99,99,8,.013,-.386,.045,.353,8,177,177,8,-1.952,-15.619,.101,-15.720,8,197,197,8,-1.965,-15.720,8,176,157,8,52.63,30,57,148,148,8,-.386,-3.084,8,91,91,8,.045,.360,8,38,38,8,.353,2.824,8
justin suh,178,167,6,73.896,439,4.373,6,126,133,6,297.8,"3,573",12,73,67,6,57.14,48,84,199,180,6,58.33,63,108,-0.37,184,184,6,-2.080,.233,-1.114,-1.199,6,181,181,6,-2.229,-13.376,-12.479,-.897,6,119,119,6,-.149,-.897,6,215,196,6,40.00,18,45,68,68,6,.233,1.400,6,174,174,6,-1.114,-6.687,6,196,196,6,-1.199,-7.192,6
max mcgreevy,179,168,6,74.062,440,4.373,6,170,171,6,289.8,"3,478",12,198,172,6,44.05,37,84,217,196,6,54.63,59,108,-0.22,191,191,6,-2.541,-1.253,-1.563,.276,6,183,183,6,-2.396,-14.376,-15.244,.868,6,90,90,6,.145,.868,6,122,109,6,59.18,29,49,197,197,6,-1.253,-7.519,6,190,190,6,-1.563,-9.380,6,48,48,6,.276,1.655,6
nico echavarria,180,170,4,74.145,295,1.580,4,121,129,4,298.4,"2,387",8,169,143,4,48.21,27,56,209,189,4,55.56,40,72,-0.33,182,182,4,-1.882,-.121,-1.528,-.233,4,179,179,4,-2.146,-8.583,-7.528,-1.055,4,130,130,4,-.264,-1.055,4,174,155,4,53.13,17,32,118,118,4,-.121,-.483,4,188,188,4,-1.528,-6.114,4,136,136,4,-.233,-.932,4
harry higgs,180,170,4,74.145,295,1.580,4,53,61,4,310.1,"2,481",8,220,197,4,32.14,18,56,209,189,4,55.56,40,72,-0.20,189,189,4,-2.422,-1.282,-1.089,-.051,4,179,179,4,-2.146,-8.583,-9.687,1.104,4,79,79,4,.276,1.104,4,120,105,4,59.38,19,32,198,198,4,-1.282,-5.129,4,172,172,4,-1.089,-4.355,4,109,109,4,-.051,-.204,4
seung-yul noh,182,172,2,74.363,148,.726,2,47,55,2,310.8,"1,243",4,112,94,2,53.57,15,28,170,149,2,63.89,23,36,-0.22,159,159,2,-.945,-.814,-.224,.093,2,182,182,2,-2.365,-4.729,-1.890,-2.839,2,190,190,2,-1.420,-2.839,2,202,180,2,46.15,6,13,183,183,2,-.814,-1.628,2,121,121,2,-.224,-.448,2,79,79,2,.093,.187,2
michael kim,183,174,6,74.396,442,4.373,6,97,108,6,302.4,"3,629",12,64,60,6,58.33,49,84,196,177,6,60.19,65,108,-0.09,179,179,6,-1.704,.046,-1.142,-.607,6,188,188,6,-2.729,-16.376,-10.222,-6.154,6,180,180,6,-1.026,-6.154,6,134,119,6,58.14,25,43,91,91,6,.046,.276,6,176,176,6,-1.142,-6.853,6,173,173,6,-.607,-3.645,6
russell henley,184,175,2,74.427,148,.854,2,200,188,2,284.5,"1,138",4,112,94,2,53.57,15,28,170,149,2,63.89,23,36,-0.13,170,170,2,-1.499,-.449,-.582,-.468,2,186,186,2,-2.427,-4.854,-2.998,-1.855,2,173,173,2,-.928,-1.855,2,94,81,2,61.54,8,13,157,157,2,-.449,-.898,2,157,157,2,-.582,-1.165,2,163,163,2,-.468,-.936,2
kyle stanley,185,177,4,76.130,301,3.519,4,51,59,4,310.4,"2,483",8,112,94,4,53.57,30,56,103,93,4,68.06,49,72,-0.08,171,171,4,-1.505,-.076,-1.245,-.185,4,198,198,4,-4.631,-18.522,-6.019,-12.504,4,201,201,4,-3.126,-12.504,4,223,201,4,34.78,8,23,111,111,4,-.076,-.302,4,182,182,4,-1.245,-4.978,4,131,131,4,-.185,-.738,4
doc redman,186,178,2,76.363,152,.726,2,154,156,2,292.3,"1,169",4,216,193,2,35.71,10,28,219,197,2,52.78,19,36,-0.16,198,198,2,-4.394,-1.914,-1.358,-1.122,2,194,194,2,-4.365,-8.729,-8.788,.059,2,99,99,2,.029,.059,2,214,194,2,41.18,7,17,202,202,2,-1.914,-3.828,2,185,185,2,-1.358,-2.716,2,194,194,2,-1.122,-2.243,2
vaughn taylor,187,179,2,76.927,153,.854,2,223,202,2,268.0,"1,072",4,4,7,2,71.43,20,28,220,198,2,47.22,17,36,+0.06,195,195,2,-3.862,-1.124,-1.820,-.918,2,200,200,2,-4.927,-9.854,-7.723,-2.130,2,182,182,2,-1.065,-2.130,2,136,121,2,57.89,11,19,196,196,2,-1.124,-2.247,2,192,192,2,-1.820,-3.641,2,191,191,2,-.918,-1.836,2
ryo hisatsune,,,,,,,,167,,4,290.4,"2,323",8,132,,4,51.92,27,52,20,,4,73.61,53,72,-0.25,,,,,,,,,,,,,,,,,,,,,,,13,,4,73.68,14,19,,,,,,,,,,,,,,,,,,
chris gotterup,,,,,,,,46,54,8,310.9,"4,975",16,147,127,8,50.00,56,112,103,93,8,68.06,98,144,-0.34,113,113,8,-.111,-.283,-.247,.419,8,73,73,8,.474,3.792,-.891,4.683,8,37,37,8,.585,4.683,8,60,58,8,65.22,30,46,136,136,8,-.283,-2.264,8,122,122,8,-.247,-1.980,8,32,32,8,.419,3.353,8
quade cummins,,,,,,,,168,169,2,290.0,"1,160",4,223,201,2,25.00,7,28,42,37,2,72.22,26,36,-0.19,111,111,2,-.104,-.399,.539,-.245,2,96,96,2,.073,.146,-.208,.355,2,85,85,2,.177,.355,2,108,94,2,60.00,6,10,151,151,2,-.399,-.797,2,43,43,2,.539,1.078,2,141,141,2,-.245,-.490,2
kaito onishi,,,,,,,,222,,4,269.1,"2,153",8,206,,4,42.31,22,52,158,,4,65.28,47,72,-0.19,,,,,,,,,,,,,,,,,,,,,,,220,,4,36.00,9,25,,,,,,,,,,,,,,,,,,
brice wilkinson,,,,,,,,187,179,2,288.3,"1,153",4,216,193,2,35.71,10,28,220,198,2,47.22,17,36,-0.24,199,199,2,-4.591,-.465,-3.397,-.730,2,193,193,2,-3.927,-7.854,-9.182,1.329,2,30,30,2,.664,1.329,2,211,191,2,42.11,8,19,161,161,2,-.465,-.929,2,202,202,2,-3.397,-6.794,2,181,181,2,-.730,-1.460,2
scott de borba,,,,,,,,154,156,2,292.3,"1,169",4,147,127,2,50.00,14,28,209,189,2,55.56,20,36,-0.10,194,194,2,-3.840,-.970,-1.884,-.987,2,191,191,2,-3.865,-7.729,-7.680,-.049,2,100,100,2,-.025,-.049,2,208,187,2,43.75,7,16,189,189,2,-.970,-1.939,2,193,193,2,-1.884,-3.767,2,193,193,2,-.987,-1.973,2
xuewen luo,,,,,,,,77,87,2,306.3,"1,225",4,4,7,2,71.43,20,28,79,72,2,69.44,25,36,-0.12,167,167,2,-1.209,.405,-2.458,.845,2,173,173,2,-1.897,-3.793,-2.417,-1.376,2,161,161,2,-.688,-1.376,2,75,69,2,63.64,7,11,46,46,2,.405,.809,2,198,198,2,-2.458,-4.916,2,10,10,2,.845,1.690,2
mikumu horikawa,,,,,,,,225,,4,264.6,"2,117",8,9,,4,69.23,36,52,64,,4,70.83,51,72,-0.29,,,,,,,,,,,,,,,,,,,,,,,90,,4,61.90,13,21,,,,,,,,,,,,,,,,,,
takumi kanaya,,,,,,,,205,,4,283.1,"2,265",8,108,,4,53.85,28,52,14,,4,75.00,54,72,-0.26,,,,,,,,,,,,,,,,,,,,,,,217,,4,38.89,7,18,,,,,,,,,,,,,,,,,,
hiroshi iwata,,,,,,,,145,,4,293.8,"2,350",8,68,,4,57.69,30,52,103,,4,68.06,49,72,-0.22,,,,,,,,,,,,,,,,,,,,,,,196,,4,47.83,11,23,,,,,,,,,,,,,,,,,,
alex lee,,,,,,,,31,40,2,313.3,"1,253",4,13,10,2,67.86,19,28,209,189,2,55.56,20,36,-0.15,174,174,2,-1.587,1.085,-2.523,-.150,2,191,191,2,-3.865,-7.729,-3.174,-4.555,2,200,200,2,-2.278,-4.555,2,218,197,2,37.50,6,16,2,2,2,1.085,2.171,2,199,199,2,-2.523,-5.045,2,125,125,2,-.150,-.299,2
cole hammer,,,,,,,,147,152,4,293.6,"2,349",8,58,53,4,58.93,33,56,204,185,4,56.94,41,72,-0.15,190,190,4,-2.531,-.498,-1.497,-.537,4,190,190,4,-3.662,-14.647,-10.124,-4.523,4,186,186,4,-1.131,-4.523,4,195,175,4,48.39,15,31,164,164,4,-.498,-1.991,4,187,187,4,-1.497,-5.986,4,168,168,4,-.537,-2.147,4
alejandro tosti,,,,,,,,13,20,4,320.5,"2,564",8,209,185,4,39.29,22,56,197,178,4,59.72,43,72,-0.35,18,18,4,1.360,.669,-.359,1.049,4,53,53,4,.726,2.903,5.441,-2.537,4,156,156,4,-.634,-2.537,4,17,14,4,72.41,21,29,20,20,4,.669,2.678,4,138,138,4,-.359,-1.434,4,6,6,4,1.049,4.196,4
yuto katsuragawa,,,,,,,,213,,4,280.9,"2,247",8,132,,4,51.92,27,52,158,,4,65.28,47,72,-0.21,,,,,,,,,,,,,,,,,,,,,,,71,,4,64.00,16,25,,,,,,,,,,,,,,,,,,
aguri iwasaki,,,,,,,,173,,4,289.5,"2,316",8,53,,4,59.62,31,52,129,,4,66.67,48,72,-0.19,,,,,,,,,,,,,,,,,,,,,,,131,,4,58.33,14,24,,,,,,,,,,,,,,,,,,
jacob bridgeman,,,,,,,,70,82,4,306.9,"2,455",8,194,168,4,44.64,25,56,129,115,4,66.67,48,72,-0.19,87,87,4,.172,-.332,.533,-.030,4,90,90,4,.202,.806,.688,.118,4,98,98,4,.030,.118,4,24,24,4,70.83,17,24,144,144,4,-.332,-1.326,4,46,46,4,.533,2.133,4,106,106,4,-.030,-.120,4
brandon hagy,,,,,,,,6,10,4,323.5,"2,588",8,214,191,4,37.50,21,56,103,93,4,68.06,49,72,-0.35,130,130,4,-.383,-.501,1.041,-.923,4,42,42,4,.952,3.806,-1.530,5.336,4,10,10,4,1.334,5.336,4,152,135,4,56.52,13,23,166,166,4,-.501,-2.002,4,12,12,4,1.041,4.164,4,192,192,4,-.923,-3.693,4
joseph hanko,,,,,,,,143,149,2,294.0,"1,176",4,221,199,2,28.57,8,28,223,201,2,44.44,16,36,+0.06,203,203,2,-7.314,-1.811,-4.203,-1.299,2,203,203,2,-11.427,-22.854,-14.627,-8.226,2,203,203,2,-4.113,-8.226,2,225,203,2,25.00,5,20,201,201,2,-1.811,-3.622,2,203,203,2,-4.203,-8.407,2,199,199,2,-1.299,-2.599,2
derek deminsky,,,,,,,,202,189,2,283.8,"1,135",4,26,22,2,64.29,18,28,224,202,2,41.67,15,36,-0.20,202,202,2,-5.434,-2.037,-2.055,-1.341,2,195,195,2,-4.397,-8.793,-10.867,2.074,2,17,17,2,1.037,2.074,2,142,127,2,57.14,12,21,203,203,2,-2.037,-4.074,2,194,194,2,-2.055,-4.111,2,201,201,2,-1.341,-2.682,2
ryan ruffels,,,,,,,,78,90,2,305.8,"1,223",4,179,151,2,46.43,13,28,189,170,2,61.11,22,36,-0.23,197,197,2,-4.220,-.918,-2.524,-.778,2,195,195,2,-4.397,-8.793,-8.440,-.353,2,122,122,2,-.177,-.353,2,221,199,2,35.71,5,14,186,186,2,-.918,-1.836,2,200,200,2,-2.524,-5.048,2,183,183,2,-.778,-1.556,2
rikuya hoshino,,,,,,,,201,,4,284.4,"2,275",8,132,,4,51.92,27,52,158,,4,65.28,47,72,-0.21,,,,,,,,,,,,,,,,,,,,,,,108,,4,60.00,15,25,,,,,,,,,,,,,,,,,,
john augenstein,,,,,,,,41,48,2,311.5,"1,246",4,209,185,2,39.29,11,28,199,180,2,58.33,21,36,-0.24,124,124,2,-.293,-.449,-1.267,1.423,2,171,171,2,-1.865,-3.729,-.585,-3.144,2,192,192,2,-1.572,-3.144,2,200,178,2,46.67,7,15,157,157,2,-.449,-.897,2,184,184,2,-1.267,-2.534,2,1,1,2,1.423,2.847,2
keita nakajima,,,,,,,,198,,4,285.3,"2,282",8,132,,4,51.92,27,52,79,,4,69.44,50,72,-0.28,,,,,,,,,,,,,,,,,,,,,,,15,,4,72.73,16,22,,,,,,,,,,,,,,,,,,
quinn riley,,,,,,,,30,39,2,313.5,"1,254",4,200,175,2,42.86,12,28,189,170,2,61.11,22,36,-0.09,196,196,2,-4.012,-.956,-2.181,-.875,2,201,201,2,-5.397,-10.793,-8.024,-2.769,2,189,189,2,-1.385,-2.769,2,221,199,2,35.71,5,14,188,188,2,-.956,-1.912,2,195,195,2,-2.181,-4.362,2,190,190,2,-.875,-1.750,2
patrick welch,,,,,,,,17,25,4,317.4,"2,539",8,26,22,4,64.29,36,56,9,13,4,76.39,55,72,-0.35,23,23,4,1.200,-.018,1.131,.087,4,35,35,4,.997,3.986,4.799,-.814,4,123,123,4,-.203,-.814,4,63,61,4,64.71,11,17,103,103,4,-.018,-.071,4,10,10,4,1.131,4.524,4,81,81,4,.087,.347,4
spencer levin,,,,,,,,70,82,4,306.9,"2,455",8,1,1,4,82.14,46,56,4,6,4,79.17,57,72,-0.26,16,16,4,1.435,.907,.537,-.009,4,69,69,4,.497,1.986,5.741,-3.756,4,174,174,4,-.939,-3.756,4,50,47,4,66.67,10,15,8,8,4,.907,3.628,4,45,45,4,.537,2.149,4,103,103,4,-.009,-.035,4
tomoharu otsuki,,,,,,,,186,,4,288.4,"2,307",8,68,,4,57.69,30,52,218,,4,54.17,39,72,-0.15,,,,,,,,,,,,,,,,,,,,,,,102,,4,60.61,20,33,,,,,,,,,,,,,,,,,,
taylor lowe,,,,,,,,168,169,2,290.0,"1,160",4,216,193,2,35.71,10,28,225,203,2,33.33,12,36,+0.17,200,200,2,-4.935,-1.103,-2.184,-1.648,2,202,202,2,-8.865,-17.729,-9.869,-7.860,2,202,202,2,-3.930,-7.860,2,205,184,2,45.83,11,24,195,195,2,-1.103,-2.205,2,196,196,2,-2.184,-4.367,2,203,203,2,-1.648,-3.296,2
wilson furr,,,,,,,,58,66,2,309.8,"1,239",4,216,193,2,35.71,10,28,220,198,2,47.22,17,36,-0.47,193,193,2,-3.536,-.700,-2.270,-.565,2,186,186,2,-2.427,-4.854,-7.071,2.218,2,14,14,2,1.109,2.218,2,211,191,2,42.11,8,19,181,181,2,-.700,-1.400,2,197,197,2,-2.270,-4.541,2,169,169,2,-.565,-1.131,2
sam murphy,,,,,,,,41,48,2,311.5,"1,246",4,179,151,2,46.43,13,28,129,115,2,66.67,24,36,-0.13,111,111,2,-.104,1.033,-.829,-.309,2,174,174,2,-1.927,-3.854,-.208,-3.645,2,196,196,2,-1.823,-3.645,2,186,165,2,50.00,6,12,3,3,2,1.033,2.067,2,167,167,2,-.829,-1.658,2,148,148,2,-.309,-.618,2
naoyuki kataoka,,,,,,,,217,,4,274.8,"2,198",8,147,,4,50.00,26,52,209,,4,55.56,40,72,-0.35,,,,,,,,,,,,,,,,,,,,,,,84,,4,62.50,20,32,,,,,,,,,,,,,,,,,,
jackson suber,,,,,,,,87,98,2,303.5,"1,214",4,225,203,2,17.86,5,28,189,170,2,61.11,22,36,-0.23,181,181,2,-1.855,-.914,-1.115,.174,2,174,174,2,-1.927,-3.854,-3.710,-.143,2,106,106,2,-.072,-.143,2,186,165,2,50.00,7,14,185,185,2,-.914,-1.828,2,175,175,2,-1.115,-2.231,2,67,67,2,.174,.348,2
kazuki higa,,,,,,,,218,,4,274.0,"2,192",8,34,,4,63.46,33,52,64,,4,70.83,51,72,-0.25,,,,,,,,,,,,,,,,,,,,,,,142,,4,57.14,12,21,,,,,,,,,,,,,,,,,,
ben silverman,,,,,,,,207,194,2,283.0,"1,132",4,147,127,2,50.00,14,28,79,72,2,69.44,25,36,-0.12,158,158,2,-.938,-.735,-.485,.282,2,174,174,2,-1.927,-3.854,-1.875,-1.978,2,177,177,2,-.989,-1.978,2,165,148,2,54.55,6,11,182,182,2,-.735,-1.470,2,150,150,2,-.485,-.970,2,46,46,2,.282,.564,2
riki kawamoto,,,,,,,,160,,4,291.0,"2,328",8,147,,4,50.00,26,52,158,,4,65.28,47,72,-0.26,,,,,,,,,,,,,,,,,,,,,,,215,,4,40.00,10,25,,,,,,,,,,,,,,,,,,
jared sawada,,,,,,,,135,141,2,295.5,"1,182",4,44,41,2,60.71,17,28,209,189,2,55.56,20,36,-0.25,201,201,2,-5.328,-1.531,-2.964,-.832,2,199,199,2,-4.897,-9.793,-10.656,.863,2,54,54,2,.431,.863,2,186,165,2,50.00,8,16,200,200,2,-1.531,-3.063,2,201,201,2,-2.964,-5.929,2,186,186,2,-.832,-1.664,2
jesse mueller,,,,,,,,22,33,2,316.0,"1,264",4,44,41,2,60.71,17,28,129,115,2,66.67,24,36,-0.08,186,186,2,-2.295,-.480,-1.653,-.161,2,195,195,2,-4.397,-8.793,-4.589,-4.204,2,198,198,2,-2.102,-4.204,2,213,193,2,41.67,5,12,162,162,2,-.480,-.960,2,191,191,2,-1.653,-3.307,2,127,127,2,-.161,-.322,2
shugo imahira,,,,,,,,189,,4,288.0,"2,304",8,53,,4,59.62,31,52,204,,4,56.94,41,72,-0.22,,,,,,,,,,,,,,,,,,,,,,,180,,4,51.61,16,31,,,,,,,,,,,,,,,,,,
